"0101","01","08/18/77 00:00:00","03/08/79 00:00:00","1"
"0101","02","11/04/79 00:00:00","11/07/80 00:00:00","2"
"0101","03","04/03/81 00:00:00","09/10/81 00:00:00","3"
"0101","04","03/07/82 00:00:00","01/14/83 00:00:00","4"
"0101","05","03/30/83 00:00:00","02/10/84 00:00:00","5"
"0101","06","04/24/84 00:00:00","04/06/85 00:00:00","6"
"0101","07","05/27/85 00:00:00","10/03/86 00:00:00","7"
"0101","08","12/02/86 00:00:00","03/26/88 00:00:00","8"
"0101","09","05/21/88 00:00:00","09/22/89 00:00:00","9"
"0101","10","11/09/89 00:00:00","03/08/91 00:00:00","10"
"0101","11","05/19/91 00:00:00","09/25/92 00:00:00","11"
"0101","12","12/02/92 00:00:00","03/04/94 00:00:00","12"
"0101","13","04/24/94 00:00:00","09/16/95 00:00:00","13"
"0101","14","11/04/95 00:00:00","03/15/97 00:00:00","14"
"0101","15","06/04/97 00:00:00","10/16/98 00:00:00","15"
"0102","01","05/25/81 00:00:00","10/22/82 00:00:00","1"
"0102","02","12/03/82 00:00:00","09/16/83 00:00:00","2"
"0102","03","10/24/83 00:00:00","01/05/85 00:00:00","3"
"0102","04","03/10/85 00:00:00","04/04/86 00:00:00","4"
"0102","05","05/13/86 00:00:00","10/03/87 00:00:00","5"
"0102","06","12/05/87 00:00:00","03/24/89 00:00:00","6"
"0102","07","05/21/89 00:00:00","10/13/90 00:00:00","7"
"0102","08","01/06/91 00:00:00","03/06/92 00:00:00","8"
"0102","09","05/12/92 00:00:00","09/24/93 00:00:00","9"
"0102","10","12/02/93 00:00:00","03/11/95 00:00:00","10"
"0102","11","04/27/95 00:00:00","10/12/96 00:00:00","11"
"0102","12","12/18/96 00:00:00","03/27/98 00:00:00","12"
"0102","13","05/15/98 00:00:00","10/16/99 00:00:00","13"
"0102","14","12/31/99 00:00:00","02/24/01 00:00:00","14"
"0102","15","05/08/01 00:00:00","09/14/02 00:00:00","15"
"0101","16","12/27/98 00:00:00","03/03/00 00:00:00","16"
"0101","17","05/24/00 00:00:00","10/06/01 00:00:00","17"
"0301","01","01/28/86 00:00:00","10/02/87 00:00:00","1"
"0301","02","03/05/88 00:00:00","04/08/89 00:00:00","2"
"0301","03","06/28/90 00:00:00","02/15/92 00:00:00","3"
"0301","04","05/21/92 00:00:00","09/04/93 00:00:00","4"
"0301","05","11/24/93 00:00:00","04/01/95 00:00:00","5"
"0301","06","05/25/95 00:00:00","09/21/96 00:00:00","6"
"0301","07","10/30/96 00:00:00","03/14/98 00:00:00","7"
"0302","01","09/19/86 00:00:00","02/20/88 00:00:00","1"
"0302","02","06/18/88 00:00:00","02/22/90 00:00:00","2"
"0302","03","07/14/90 00:00:00","10/17/91 00:00:00","3"
"0302","04","01/06/92 00:00:00","03/14/93 00:00:00","4"
"0302","05","08/28/93 00:00:00","02/05/95 00:00:00","5"
"0302","06","03/28/95 00:00:00","03/16/96 00:00:00","6"
"0302","07","05/03/96 00:00:00","09/05/97 00:00:00","7"
"0303","01","01/08/88 00:00:00","03/08/89 00:00:00","1"
"0303","02","12/26/89 00:00:00","03/16/91 00:00:00","2"
"0303","03","05/30/91 00:00:00","09/19/92 00:00:00","3"
"0303","04","11/23/92 00:00:00","03/19/94 00:00:00","4"
"0303","05","06/18/94 00:00:00","10/14/95 00:00:00","5"
"0303","06","11/30/95 00:00:00","02/22/97 00:00:00","6"
"0303","07","03/30/97 00:00:00","09/19/98 00:00:00","7"
"0301","08","04/18/98 00:00:00","10/02/99 00:00:00","8"
"0301","09","11/11/99 00:00:00","03/31/01 00:00:00","9"
"0301","10","05/12/01 00:00:00","09/28/02 00:00:00","10"
"0302","08","10/12/97 00:00:00","03/27/99 00:00:00","8"
"0302","09","05/02/99 00:00:00","10/04/00 00:00:00","9"
"0302","10","11/05/00 00:00:00","03/16/02 00:00:00","10"
"0303","08","10/27/98 00:00:00","03/30/00 00:00:00","8"
"0303","09","05/11/00 00:00:00","09/29/01 00:00:00","9"
"0401","01","12/19/74 00:00:00","01/27/77 00:00:00","1"
"0401","02","04/05/77 00:00:00","02/02/78 00:00:00","2"
"0401","03","03/27/78 00:00:00","03/30/79 00:00:00","3"
"0401","04","06/22/79 00:00:00","01/02/81 00:00:00","4"
"0401","05","03/18/81 00:00:00","11/08/82 00:00:00","5"
"0401","06","05/28/83 00:00:00","10/12/84 00:00:00","6"
"0401","07","01/25/85 00:00:00","09/04/86 00:00:00","7"
"0401","08","12/29/86 00:00:00","08/28/88 00:00:00","8"
"0401","09","12/14/88 00:00:00","10/01/90 00:00:00","9"
"0401","10","01/06/91 00:00:00","02/28/92 00:00:00","10"
"0401","11","05/09/92 00:00:00","09/07/93 00:00:00","11"
"0401","12","10/19/93 00:00:00","02/14/95 00:00:00","12"
"0401","13","04/01/95 00:00:00","09/14/96 00:00:00","13"
"0401","14","10/25/96 00:00:00","03/28/98 00:00:00","14"
"0402","01","03/26/80 00:00:00","03/28/81 00:00:00","1"
"0402","02","07/06/81 00:00:00","08/20/82 00:00:00","2"
"0402","03","11/16/82 00:00:00","10/05/83 00:00:00","3"
"0402","04","02/01/84 00:00:00","03/16/85 00:00:00","4"
"0402","05","05/27/85 00:00:00","06/13/86 00:00:00","5"
"0402","06","09/12/86 00:00:00","02/12/88 00:00:00","6"
"0402","07","05/23/88 00:00:00","09/25/89 00:00:00","7"
"0402","08","11/21/89 00:00:00","02/22/91 00:00:00","8"
"0402","09","04/20/91 00:00:00","09/05/92 00:00:00","9"
"0402","10","10/20/92 00:00:00","03/11/94 00:00:00","10"
"0402","11","04/24/94 00:00:00","09/22/95 00:00:00","11"
"0402","12","11/20/95 00:00:00","05/09/97 00:00:00","12"
"0401","15","05/10/98 00:00:00","09/11/99 00:00:00","15"
"0401","16","10/10/99 00:00:00","03/17/01 00:00:00","16"
"0401","17","04/08/01 00:00:00","10/04/02 00:00:00","17"
"0402","13","06/09/97 00:00:00","01/09/99 00:00:00","13"
"0402","14","02/25/99 00:00:00","09/15/00 00:00:00","14"
"0402","15","12/10/00 00:00:00","04/12/02 00:00:00","15"
"0501","01","","01/01/77 00:00:00","1"
"0501","02","","01/23/78 00:00:00","2"
"0501","03","","04/21/79 00:00:00","3"
"0501","04","","10/18/80 00:00:00","4"
"0501","05","","04/17/82 00:00:00","5"
"0501","06","","10/01/83 00:00:00","6"
"0501","07","","04/06/85 00:00:00","7"
"0501","08","","10/25/86 00:00:00","8"
"0501","09","","04/08/88 00:00:00","9"
"0501","10","07/04/88 00:00:00","03/19/92 00:00:00","10"
"0501","11","08/20/92 00:00:00","02/09/94 00:00:00","11"
"0501","12","05/18/94 00:00:00","03/15/96 00:00:00","12"
"0501","13","08/01/96 00:00:00","04/03/98 00:00:00","13"
"0502","01","","09/16/78 00:00:00","1"
"0502","02","","10/13/79 00:00:00","2"
"0502","03","","01/18/81 00:00:00","3"
"0502","04","","10/16/82 00:00:00","4"
"0502","05","","04/21/84 00:00:00","5"
"0502","06","","10/18/85 00:00:00","6"
"0502","07","","03/13/87 00:00:00","7"
"0502","08","","03/17/89 00:00:00","8"
"0502","09","04/19/91 00:00:00","02/19/93 00:00:00","9"
"0502","10","06/13/93 00:00:00","03/18/95 00:00:00","10"
"0502","11","05/17/95 00:00:00","03/14/97 00:00:00","11"
"0501","14","06/06/98 00:00:00","03/10/00 00:00:00","14"
"0501","15","03/18/00 00:00:00","02/15/02 00:00:00","15"
"0502","12","05/20/97 00:00:00","03/12/99 00:00:00","12"
"0502","13","05/08/99 00:00:00","03/16/01 00:00:00","13"
"0601","01","07/19/72 00:00:00","12/29/73 00:00:00","1"
"0601","02","07/26/74 00:00:00","01/27/76 00:00:00","2"
"0601","03","06/01/76 00:00:00","08/06/77 00:00:00","3"
"0601","04","11/17/77 00:00:00","01/05/80 00:00:00","4"
"0601","05","05/19/80 00:00:00","09/26/81 00:00:00","5"
"0601","06","04/10/82 00:00:00","12/10/83 00:00:00","6"
"0601","07","12/28/84 00:00:00","07/25/86 00:00:00","7"
"0601","08","03/04/89 00:00:00","05/04/91 00:00:00","8"
"0601","09","08/17/91 00:00:00","04/03/93 00:00:00","9"
"0601","10","05/30/93 00:00:00","03/25/95 00:00:00","10"
"0601","11","06/06/95 00:00:00","02/15/97 00:00:00","11"
"0601","12","04/21/97 00:00:00","05/08/99 00:00:00","12"
"0601","13","07/06/99 00:00:00","04/21/01 00:00:00","13"
"0701","01","12/04/76 00:00:00","01/12/79 00:00:00","1"
"0701","02","04/16/79 00:00:00","05/26/80 00:00:00","2"
"0701","03","08/22/80 00:00:00","12/10/82 00:00:00","3"
"0701","04","08/26/83 00:00:00","03/29/85 00:00:00","4"
"0701","05","11/08/85 00:00:00","02/14/87 00:00:00","5"
"0701","06","06/13/87 00:00:00","11/10/88 00:00:00","6"
"0701","07","04/15/89 00:00:00","09/26/90 00:00:00","7"
"0701","08","02/26/91 00:00:00","04/21/92 00:00:00","8"
"0701","09","02/10/94 00:00:00","04/01/95 00:00:00","9"
"0701","10","05/17/95 00:00:00","10/05/96 00:00:00","10"
"0701","11A","11/07/96 00:00:00","11/06/97 00:00:00","11"
"0701","11B","11/13/97 00:00:00","04/25/98 00:00:00","12"
"0702","01A","04/29/75 00:00:00","03/19/76 00:00:00","1"
"0702","01B","05/27/76 00:00:00","09/10/77 00:00:00","2"
"0702","02","12/26/77 00:00:00","03/02/79 00:00:00","3"
"0702","03","05/19/79 00:00:00","03/01/80 00:00:00","4"
"0702","04","09/17/80 00:00:00","04/23/82 00:00:00","5"
"0702","05","10/03/82 00:00:00","03/11/84 00:00:00","6"
"0702","06","10/26/84 00:00:00","11/29/85 00:00:00","7"
"0702","07","06/15/86 00:00:00","01/01/88 00:00:00","8"
"0702","08","04/29/88 00:00:00","09/08/89 00:00:00","9"
"0702","09","03/16/90 00:00:00","09/11/91 00:00:00","10"
"0702","10","01/16/92 00:00:00","03/26/94 00:00:00","11"
"0702","11","06/30/94 00:00:00","02/02/96 00:00:00","12"
"0702","12","03/14/96 00:00:00","09/13/97 00:00:00","13"
"0703","01","01/19/87 00:00:00","07/30/88 00:00:00","1"
"0703","02","10/12/88 00:00:00","10/09/89 00:00:00","2"
"0703","03","12/22/89 00:00:00","03/16/91 00:00:00","3"
"0703","04","05/22/91 00:00:00","09/12/92 00:00:00","4"
"0703","05","12/01/92 00:00:00","03/19/94 00:00:00","5"
"0703","06","05/12/94 00:00:00","09/01/95 00:00:00","6"
"0703","07","10/12/95 00:00:00","04/05/97 00:00:00","7"
"0703","08","06/09/97 00:00:00","10/24/98 00:00:00","8"
"0705","01","09/26/70 00:00:00","03/16/73 00:00:00","1"
"0705","02","05/14/73 00:00:00","05/04/74 00:00:00","2"
"0705","03","06/25/74 00:00:00","10/31/75 00:00:00","3"
"0705","04","12/11/75 00:00:00","10/30/76 00:00:00","4"
"0705","05","12/12/76 00:00:00","01/27/78 00:00:00","5"
"0705","06","04/23/78 00:00:00","04/11/79 00:00:00","6"
"0705","07","07/21/79 00:00:00","08/08/80 00:00:00","7"
"0705","08","10/25/82 00:00:00","02/28/82 00:00:00","8"
"0705","09","08/22/82 00:00:00","01/26/84 00:00:00","9"
"0705","10","01/09/85 00:00:00","01/31/86 00:00:00","10"
"0705","11","03/22/86 00:00:00","03/28/87 00:00:00","11"
"0705","12","06/16/87 00:00:00","11/11/88 00:00:00","12"
"0705","13","02/25/89 00:00:00","09/08/90 00:00:00","13"
"0705","14","03/07/91 00:00:00","03/27/92 00:00:00","14"
"0705","15","06/22/92 00:00:00","09/11/93 00:00:00","15"
"0705","16","11/14/93 00:00:00","04/28/95 00:00:00","16"
"0705","17","06/21/95 00:00:00","09/07/96 00:00:00","17"
"0705","18","10/21/96 00:00:00","03/07/98 00:00:00","18"
"0705","19","04/14/98 00:00:00","09/25/99 00:00:00","19"
"0705","20","10/24/99 00:00:00","04/07/01 00:00:00","20"
"0705","21","05/12/01 00:00:00","10/12/02 00:00:00","21"
"0701","12","05/28/98 00:00:00","02/26/00 00:00:00","13"
"0701","13","03/24/00 00:00:00","03/01/02 00:00:00","14"
"0701","14A","03/28/02 00:00:00","09/21/02 00:00:00","15"
"0702","13","10/22/97 00:00:00","04/17/99 00:00:00","14"
"0702","14","05/23/99 00:00:00","02/23/01 00:00:00","15"
"0702","15A","03/26/01 00:00:00","04/19/02 00:00:00","16"
"0703","09","11/29/98 00:00:00","04/14/00 00:00:00","9"
"0703","10","05/12/00 00:00:00","09/22/01 00:00:00","10"
"0901","01","06/06/86 00:00:00","02/22/89 00:00:00","1"
"0901","02","07/24/89 00:00:00","09/03/90 00:00:00","2"
"0901","03","12/27/90 00:00:00","03/21/92 00:00:00","3"
"0901","04","05/26/92 00:00:00","02/05/94 00:00:00","4"
"0901","05","07/23/94 00:00:00","01/27/96 00:00:00","5"
"0901","06","04/07/96 00:00:00","09/12/97 00:00:00","6"
"0901","07","10/20/97 00:00:00","03/27/99 00:00:00","7"
"0901","08","05/02/99 00:00:00","02/16/01 00:00:00","8"
"1001","01","07/12/87 00:00:00","09/02/89 00:00:00","1"
"1001","02","12/15/89 00:00:00","12/30/90 00:00:00","2"
"1001","03","05/18/91 00:00:00","09/05/92 00:00:00","3"
"1001","04","11/03/92 00:00:00","03/04/94 00:00:00","4"
"1001","05","05/13/94 00:00:00","09/30/95 00:00:00","5"
"1001","06","12/14/95 00:00:00","03/29/97 00:00:00","6"
"1001","07","05/27/97 00:00:00","09/05/98 00:00:00","7"
"1002","01","05/25/88 00:00:00","03/16/90 00:00:00","1"
"1002","02","05/28/90 00:00:00","09/13/91 00:00:00","2"
"1002","03","11/26/91 00:00:00","03/05/93 00:00:00","3"
"1002","04","05/02/93 00:00:00","10/08/94 00:00:00","4"
"1002","05","11/17/94 00:00:00","03/16/96 00:00:00","5"
"1002","06","05/14/96 00:00:00","09/27/97 00:00:00","6"
"1003","01","02/02/85 00:00:00","02/14/87 00:00:00","1"
"1003","02","06/01/87 00:00:00","09/03/88 00:00:00","2"
"1003","03","11/09/88 00:00:00","01/05/90 00:00:00","3"
"1003","04","03/04/90 00:00:00","09/06/91 00:00:00","4"
"1003","05","11/07/91 00:00:00","02/05/93 00:00:00","5"
"1003","06","04/10/93 00:00:00","09/08/94 00:00:00","6"
"1003","07","11/02/94 00:00:00","04/05/96 00:00:00","7"
"1003","08","07/03/96 00:00:00","11/07/97 00:00:00","8"
"1004","01","02/06/87 00:00:00","01/07/89 00:00:00","1"
"1004","02","03/08/89 00:00:00","09/01/90 00:00:00","2"
"1004","03","11/21/90 00:00:00","02/28/92 00:00:00","3"
"1004","04","04/30/92 00:00:00","09/03/93 00:00:00","4"
"1004","05","10/25/93 00:00:00","02/10/95 00:00:00","5"
"1004","06","03/25/95 00:00:00","08/08/96 00:00:00","6"
"1004","07","10/05/96 00:00:00","04/11/98 00:00:00","7"
"1008","01","09/04/82 00:00:00","10/18/85 00:00:00","1"
"1008","02","09/18/86 00:00:00","03/13/88 00:00:00","2"
"1008","03","07/08/88 00:00:00","09/15/89 00:00:00","3"
"1008","04","01/10/90 00:00:00","02/16/91 00:00:00","4"
"1008","05","05/09/91 00:00:00","10/03/92 00:00:00","5"
"1008","06","01/30/93 00:00:00","02/18/94 00:00:00","6"
"1008","07","06/27/94 00:00:00","01/25/96 00:00:00","7"
"1009","01","04/23/84 00:00:00","01/03/87 00:00:00","1"
"1009","02","06/18/87 00:00:00","10/14/88 00:00:00","2"
"1009","03","02/10/89 00:00:00","03/17/90 00:00:00","3"
"1009","04","06/12/90 00:00:00","01/04/92 00:00:00","4"
"1009","05","04/12/92 00:00:00","09/04/93 00:00:00","5"
"1009","06","12/26/93 00:00:00","02/18/95 00:00:00","6"
"1009","07","06/11/95 00:00:00","09/20/96 00:00:00","7"
"1010","01","04/15/72 00:00:00","03/31/74 00:00:00","1"
"1010","02","07/24/74 00:00:00","01/09/75 00:00:00","2"
"1010","02A","02/21/75 00:00:00","01/03/76 00:00:00","3"
"1010","03","03/13/76 00:00:00","03/20/77 00:00:00","4"
"1010","04","05/11/77 00:00:00","01/18/79 00:00:00","5"
"1010","05","02/27/79 00:00:00","08/31/80 00:00:00","6"
"1010","06","12/20/80 00:00:00","09/06/82 00:00:00","7"
"1010","07","12/20/82 00:00:00","03/06/84 00:00:00","8"
"1010","08","08/17/84 00:00:00","01/06/86 00:00:00","9"
"1010","09","04/06/86 00:00:00","09/12/87 00:00:00","10"
"1010","10","12/23/87 00:00:00","09/10/89 00:00:00","11"
"1010","11","11/28/89 00:00:00","11/12/90 00:00:00","12"
"1010","12","04/26/91 00:00:00","09/20/92 00:00:00","13"
"1010","13","12/16/92 00:00:00","03/13/94 00:00:00","14"
"1010","14","08/28/94 00:00:00","02/10/96 00:00:00","15"
"1010","15","09/01/96 00:00:00","11/07/98 00:00:00","16"
"1011","01","05/15/72 00:00:00","12/21/74 00:00:00","1"
"1011","02","04/26/75 00:00:00","10/03/75 00:00:00","2"
"1011","02A","11/07/75 00:00:00","09/10/76 00:00:00","3"
"1011","03","11/04/76 00:00:00","01/14/78 00:00:00","4"
"1011","04","03/10/78 00:00:00","11/25/79 00:00:00","5"
"1011","05","04/20/80 00:00:00","09/07/81 00:00:00","6"
"1011","06","12/26/81 00:00:00","09/04/83 00:00:00","7"
"1011","07","02/18/84 00:00:00","03/17/85 00:00:00","8"
"1011","08","06/07/85 00:00:00","10/11/86 00:00:00","9"
"1011","09","01/22/87 00:00:00","04/10/88 00:00:00","10"
"1011","10","06/25/88 00:00:00","02/04/90 00:00:00","11"
"1011","11","05/08/90 00:00:00","01/01/92 00:00:00","12"
"1011","12","05/11/92 00:00:00","03/06/93 00:00:00","13"
"1011","13","05/27/93 00:00:00","03/05/95 00:00:00","14"
"1011","14","08/04/95 00:00:00","02/28/97 00:00:00","15"
"1011","15A","06/22/97 00:00:00","09/27/97 00:00:00","16"
"1012","01","06/19/73 00:00:00","03/05/76 00:00:00","1"
"1012","02","06/19/76 00:00:00","09/09/77 00:00:00","2"
"1012","03","12/04/77 00:00:00","09/14/78 00:00:00","3"
"1012","04","11/01/78 00:00:00","10/06/79 00:00:00","4"
"1012","05","02/19/80 00:00:00","01/14/81 00:00:00","5"
"1012","06","04/22/81 00:00:00","02/13/82 00:00:00","6"
"1012","07","07/07/82 00:00:00","09/07/83 00:00:00","7"
"1012","08","02/12/84 00:00:00","01/30/85 00:00:00","8"
"1012","09","06/16/85 00:00:00","09/04/86 00:00:00","9"
"1012","10","03/20/87 00:00:00","02/24/88 00:00:00","10"
"1012","11","05/09/88 00:00:00","09/07/89 00:00:00","11"
"1012","12","01/26/90 00:00:00","02/27/92 00:00:00","12"
"1012","13","08/13/92 00:00:00","10/21/93 00:00:00","13"
"1012","14","04/03/94 00:00:00","09/09/95 00:00:00","14"
"1012","15","12/17/95 00:00:00","02/21/97 00:00:00","15"
"1013","01","12/24/73 00:00:00","01/07/77 00:00:00","1"
"1013","02","03/28/77 00:00:00","02/04/78 00:00:00","2"
"1013","03","04/04/78 00:00:00","03/09/79 00:00:00","3"
"1013","04","04/18/79 00:00:00","05/02/80 00:00:00","4"
"1013","05","07/25/80 00:00:00","09/11/81 00:00:00","5"
"1013","06","12/01/81 00:00:00","02/24/83 00:00:00","6"
"1013","07","05/27/83 00:00:00","03/27/84 00:00:00","7"
"1013","08","07/09/84 00:00:00","09/05/85 00:00:00","8"
"1013","09","02/04/86 00:00:00","03/25/87 00:00:00","9"
"1013","10","08/08/87 00:00:00","10/12/88 00:00:00","10"
"1013","11","12/28/88 00:00:00","03/01/90 00:00:00","11"
"1013","12","08/30/90 00:00:00","11/12/92 00:00:00","12"
"1013","13","02/22/93 00:00:00","01/06/95 00:00:00","13"
"1013","14","04/19/95 00:00:00","09/19/96 00:00:00","14"
"1001","08","11/14/98 00:00:00","03/18/00 00:00:00","8"
"1001","09","04/05/00 00:00:00","09/22/01 00:00:00","9"
"1002","07","11/16/97 00:00:00","04/24/99 00:00:00","7"
"1002","08","05/20/99 00:00:00","10/21/00 00:00:00","8"
"1003","09","03/09/98 00:00:00","03/27/99 00:00:00","9"
"1003","10","04/25/99 00:00:00","09/23/00 00:00:00","10"
"1004","08","05/18/98 00:00:00","10/23/99 00:00:00","8"
"1004","09","11/16/99 00:00:00","04/07/01 00:00:00","9"
"1010","16","12/05/98 00:00:00","10/14/00 00:00:00","17"
"1010","17A","11/03/00 00:00:00","01/09/02 00:00:00","18"
"1010","17B","02/05/02 00:00:00","11/05/02 00:00:00","19"
"1011","15B","05/26/98 00:00:00","01/21/00 00:00:00","17"
"1011","16","02/11/00 00:00:00","02/12/02 00:00:00","18"
"1008","08","05/06/96 00:00:00","10/23/99 00:00:00","8"
"1008","09","11/22/99 00:00:00","01/10/02 00:00:00","9"
"1008","10A","02/04/02 00:00:00","05/18/02 00:00:00","10"
"1009","08","04/11/99 00:00:00","11/10/00 00:00:00","8"
"1009","09A","11/30/00 00:00:00","10/25/02 00:00:00","9"
"1002","09","11/05/00 00:00:00","04/20/02 00:00:00","9"
"1003","11","10/13/00 00:00:00","03/12/02 00:00:00","11"
"1004","10","04/22/01 00:00:00","09/16/02 00:00:00","10"
"1101","01","","09/29/67 00:00:00","1"
"1101","02","","02/11/69 00:00:00","2"
"1101","03","","03/20/71 00:00:00","3"
"1101","04","","12/29/72 00:00:00","4"
"1101","05","","10/31/74 00:00:00","5"
"1102","01","05/22/73 00:00:00","03/30/76 00:00:00","1"
"1102","02","09/21/76 00:00:00","02/13/78 00:00:00","2"
"1102","03","05/23/78 00:00:00","06/16/79 00:00:00","3"
"1102","04","09/11/79 00:00:00","10/17/80 00:00:00","4"
"1102","05","05/21/81 00:00:00","09/18/82 00:00:00","5"
"1102","06","12/29/82 00:00:00","06/02/84 00:00:00","6"
"1102","07","10/17/84 00:00:00","01/13/86 00:00:00","7"
"1102","08","03/12/86 00:00:00","10/05/87 00:00:00","8"
"1102","09","01/19/88 00:00:00","03/18/89 00:00:00","9"
"1102","10","07/01/89 00:00:00","02/01/91 00:00:00","10"
"1102","11","07/12/91 00:00:00","01/30/93 00:00:00","11"
"1102","12","04/20/93 00:00:00","02/04/95 00:00:00","12"
"1102","13","05/21/95 00:00:00","05/01/97 00:00:00","13"
"1102","14","07/08/97 00:00:00","02/15/00 00:00:00","14"
"1102","15","01/03/01 00:00:00","10/25/02 00:00:00","15"
"1201","05","03/15/68 00:00:00","06/21/68 00:00:00","5"
"1201","06","07/16/68 00:00:00","04/18/69 00:00:00","6"
"1201","07","05/09/69 00:00:00","02/13/70 00:00:00","7"
"1201","08","03/29/70 00:00:00","02/12/71 00:00:00","8"
"1201","09","03/13/71 00:00:00","03/18/72 00:00:00","9"
"1201","10","05/13/72 00:00:00","03/02/73 00:00:00","10"
"1201","11","04/16/73 00:00:00","03/23/74 00:00:00","11"
"1201","12","05/05/74 00:00:00","06/02/74 00:00:00","12"
"1201","13","07/27/74 00:00:00","01/31/76 00:00:00","13"
"1201","14","07/28/76 00:00:00","07/23/77 00:00:00","14"
"1201","15","10/24/77 00:00:00","02/02/79 00:00:00","15"
"1201","16","11/05/79 00:00:00","10/31/80 00:00:00","16"
"1201","17","02/04/81 00:00:00","02/05/82 00:00:00","17"
"1201","18","04/14/82 00:00:00","05/13/83 00:00:00","18"
"1201","19","08/25/83 00:00:00","05/31/84 00:00:00","19"
"1201","20","07/25/84 00:00:00","09/06/85 00:00:00","20"
"1201","21","11/08/85 00:00:00","01/02/87 00:00:00","21"
"1201","22","03/09/87 00:00:00","04/08/88 00:00:00","22"
"1201","23","06/27/88 00:00:00","06/09/89 00:00:00","23"
"1201","24","08/13/89 00:00:00","09/21/90 00:00:00","24"
"1201","25","11/28/90 00:00:00","11/29/91 00:00:00","25"
"1201","26","05/16/92 00:00:00","06/26/93 00:00:00","26"
"1201","27","09/05/93 00:00:00","10/01/94 00:00:00","27"
"1201","28","11/28/94 00:00:00","01/05/96 00:00:00","28"
"1201","29","04/06/96 00:00:00","08/30/97 00:00:00","29"
"1204","01","12/31/71 00:00:00","12/20/75 00:00:00","1"
"1204","02","05/09/76 00:00:00","01/06/78 00:00:00","2"
"1204","03","04/20/78 00:00:00","09/08/79 00:00:00","3"
"1204","04","05/27/80 00:00:00","08/29/81 00:00:00","4"
"1204","05","12/31/81 00:00:00","08/12/83 00:00:00","5"
"1204","06","07/31/84 00:00:00","11/30/85 00:00:00","6"
"1204","07","03/03/86 00:00:00","08/08/88 00:00:00","7"
"1204","08","11/28/88 00:00:00","09/15/90 00:00:00","8"
"1204","09","03/15/91 00:00:00","02/06/92 00:00:00","9"
"1204","10","04/18/92 00:00:00","06/04/93 00:00:00","10"
"1204","11","11/08/93 00:00:00","05/22/95 00:00:00","11"
"1204","12","08/21/95 00:00:00","11/01/96 00:00:00","12"
"1204","13","12/27/96 00:00:00","04/25/98 00:00:00","13"
"1204","14","06/07/98 00:00:00","10/15/99 00:00:00","14"
"1204","15","12/14/99 00:00:00","03/30/01 00:00:00","15"
"1005","01","04/15/60 00:00:00","11/07/62 00:00:00","1"
"1005","02","03/10/63 00:00:00","04/12/64 00:00:00","2"
"1005","03","06/09/64 00:00:00","03/28/65 00:00:00","3"
"1005","04","05/29/65 00:00:00","01/13/67 00:00:00","4"
"1005","05","05/23/67 00:00:00","02/03/68 00:00:00","5"
"1005","06","06/02/68 00:00:00","09/06/69 00:00:00","6"
"1005","07","01/01/70 00:00:00","09/10/71 00:00:00","7"
"1005","08","02/01/72 00:00:00","10/08/73 00:00:00","8"
"1005","09A","07/05/74 00:00:00","09/01/74 00:00:00","9"
"1005","09B","10/15/74 00:00:00","09/01/75 00:00:00","10"
"1005","10","01/29/76 00:00:00","06/15/77 00:00:00","11"
"1005","11","09/20/77 00:00:00","10/31/78 00:00:00","12"
"1006","01","05/29/70 00:00:00","06/05/70 00:00:00","1"
"1006","01A","08/11/70 00:00:00","02/26/71 00:00:00","2"
"1006","02","05/27/71 00:00:00","02/19/72 00:00:00","3"
"1006","03","05/10/72 00:00:00","11/02/74 00:00:00","4"
"1006","04","05/19/75 00:00:00","03/14/76 00:00:00","5"
"1006","05","05/26/76 00:00:00","09/10/77 00:00:00","6"
"1006","06","12/10/77 00:00:00","03/17/79 00:00:00","7"
"1006","07","05/04/79 00:00:00","01/03/81 00:00:00","8"
"1006","08","05/11/81 00:00:00","01/08/83 00:00:00","9"
"1006","09","04/29/83 00:00:00","10/05/84 00:00:00","10"
"1006","10","04/14/85 00:00:00","11/29/86 00:00:00","11"
"1006","11","05/01/87 00:00:00","10/30/88 00:00:00","12"
"1006","12","02/21/89 00:00:00","09/23/90 00:00:00","13"
"1006","13","02/10/91 00:00:00","01/17/93 00:00:00","14"
"1006","14","05/25/93 00:00:00","06/04/95 00:00:00","15"
"1006","15","04/25/96 00:00:00","03/07/98 00:00:00","1"
"1007","01","07/22/71 00:00:00","03/03/73 00:00:00","1"
"1007","02","06/07/73 00:00:00","03/11/74 00:00:00","2"
"1007","03","06/06/74 00:00:00","04/16/75 00:00:00","3"
"1007","04","09/10/75 00:00:00","09/19/76 00:00:00","4"
"1007","05","11/09/76 00:00:00","03/04/78 00:00:00","5"
"1007","06","05/12/78 00:00:00","02/02/80 00:00:00","6"
"1007","07","05/04/80 00:00:00","01/02/82 00:00:00","7"
"1007","08","05/04/82 00:00:00","09/30/83 00:00:00","8"
"1007","09","07/24/84 00:00:00","10/28/85 00:00:00","9"
"1007","10","09/01/86 00:00:00","03/27/88 00:00:00","10"
"1007","11","06/26/88 00:00:00","12/03/89 00:00:00","11"
"1007","12","02/11/90 00:00:00","09/08/91 00:00:00","12"
"1007","13","04/25/92 00:00:00","03/10/94 00:00:00","13"
"1007","14","11/04/94 00:00:00","03/29/97 00:00:00","14"
"1006","16","04/17/98 00:00:00","10/01/99 00:00:00","16"
"1006","17","10/27/99 00:00:00","10/20/01 00:00:00","17"
"1007","15","06/20/97 00:00:00","01/30/99 00:00:00","15"
"1007","16","02/25/99 00:00:00","09/15/00 00:00:00","16"
"1007","17","10/03/00 00:00:00","10/08/02 00:00:00","17"
"1301","00A","07/11/67 00:00:00","10/14/69 00:00:00","1"
"1301","01A","05/01/70 00:00:00","08/19/72 00:00:00","2"
"1301","01B","10/14/72 00:00:00","03/30/73 00:00:00","3"
"1301","02","06/25/73 00:00:00","11/03/73 00:00:00","4"
"1301","03","12/21/73 00:00:00","05/09/75 00:00:00","5"
"1301","04","08/11/75 00:00:00","05/11/77 00:00:00","6"
"1301","05","03/09/78 00:00:00","03/25/79 00:00:00","7"
"1301","06","05/25/79 00:00:00","11/09/80 00:00:00","8"
"1301","07","01/11/81 00:00:00","04/09/82 00:00:00","9"
"1301","08","06/04/82 00:00:00","11/05/83 00:00:00","10"
"1301","09","01/05/84 00:00:00","03/11/85 00:00:00","11"
"1301","10","04/14/85 00:00:00","03/07/86 00:00:00","12"
"1301","11","05/06/86 00:00:00","04/30/87 00:00:00","13"
"1402","01","06/21/85 00:00:00","09/04/89 00:00:00","1"
"1402","02","12/08/89 00:00:00","03/30/91 00:00:00","2"
"1402","03","06/04/91 00:00:00","09/12/92 00:00:00","3"
"1402","04","11/04/92 00:00:00","12/25/93 00:00:00","4"
"1402","05","12/19/94 00:00:00","09/27/96 00:00:00","5"
"1402","06A","11/29/96 00:00:00","10/03/97 00:00:00","6"
"1402","06B","10/17/97 00:00:00","09/04/98 00:00:00","7"
"1402","07","10/25/98 00:00:00","04/01/00 00:00:00","8"
"1402","08","05/16/00 00:00:00","10/27/01 00:00:00","9"
"1501","01","01/25/85 00:00:00","08/08/86 00:00:00","1"
"1501","02","11/22/86 00:00:00","10/03/87 00:00:00","2"
"1501","03","12/30/87 00:00:00","11/24/88 00:00:00","3"
"1501","04","02/05/89 00:00:00","01/27/90 00:00:00","4"
"1501","05","04/22/90 00:00:00","03/20/91 00:00:00","5"
"1501","06","06/14/91 00:00:00","07/10/92 00:00:00","6"
"1501","07","10/19/92 00:00:00","10/29/93 00:00:00","7"
"1501","08","12/31/93 00:00:00","02/10/95 00:00:00","8"
"1501","09","03/24/95 00:00:00","06/12/96 00:00:00","9"
"1501","10","10/04/96 00:00:00","11/28/97 00:00:00","10"
"1502","01","05/10/86 00:00:00","12/23/87 00:00:00","1"
"1502","02","03/08/88 00:00:00","03/10/89 00:00:00","2"
"1502","03","06/08/89 00:00:00","06/09/90 00:00:00","3"
"1502","04","09/29/90 00:00:00","10/18/91 00:00:00","4"
"1502","05","12/23/91 00:00:00","01/29/93 00:00:00","5"
"1502","06","04/01/93 00:00:00","04/29/94 00:00:00","6"
"1502","07","07/05/94 00:00:00","10/06/95 00:00:00","7"
"1502","08","11/30/95 00:00:00","03/21/97 00:00:00","8"
"1502","09","05/03/97 00:00:00","09/05/98 00:00:00","9"
"1504","01","08/08/81 00:00:00","02/24/84 00:00:00","1"
"1504","02","05/05/84 00:00:00","04/19/85 00:00:00","2"
"1504","03","06/27/85 00:00:00","05/16/86 00:00:00","3"
"1504","04","09/14/86 00:00:00","09/04/87 00:00:00","4"
"1504","05","11/14/87 00:00:00","10/12/88 00:00:00","5"
"1504","06","12/31/88 00:00:00","01/08/90 00:00:00","6"
"1504","07","05/20/90 00:00:00","09/20/91 00:00:00","7"
"1504","08","12/10/91 00:00:00","03/12/93 00:00:00","8"
"1504","09","06/14/93 00:00:00","08/19/94 00:00:00","9"
"1504","10","10/27/94 00:00:00","12/14/95 00:00:00","10"
"1504","11","01/25/96 00:00:00","02/14/97 00:00:00","11"
"1504","12","05/19/97 00:00:00","05/29/98 00:00:00","12"
"1505","01","05/08/83 00:00:00","01/25/85 00:00:00","1"
"1505","02","05/05/85 00:00:00","03/14/86 00:00:00","2"
"1505","03","06/27/86 00:00:00","05/01/87 00:00:00","3"
"1505","04","07/05/87 00:00:00","05/27/88 00:00:00","4"
"1505","05","07/27/88 00:00:00","07/05/89 00:00:00","5"
"1505","06","09/19/89 00:00:00","09/01/90 00:00:00","6"
"1505","07","12/29/90 00:00:00","01/09/92 00:00:00","7"
"1505","08","03/17/92 00:00:00","07/01/93 00:00:00","8"
"1505","09","09/14/93 00:00:00","11/24/94 00:00:00","9"
"1505","10","01/12/95 00:00:00","04/05/96 00:00:00","10"
"1505","11","05/05/96 00:00:00","10/03/97 00:00:00","11"
"1506","01","04/19/73 00:00:00","10/19/74 00:00:00","1"
"1506","02","03/10/75 00:00:00","02/08/76 00:00:00","2"
"1506","03","04/04/76 00:00:00","08/05/77 00:00:00","3"
"1506","04","10/17/77 00:00:00","09/02/78 00:00:00","4"
"1506","05","10/29/78 00:00:00","11/21/79 00:00:00","5"
"1506","06","02/26/80 00:00:00","06/26/81 00:00:00","6"
"1506","07","12/30/81 00:00:00","06/01/83 00:00:00","7"
"1506","08","08/19/83 00:00:00","10/05/84 00:00:00","8"
"1506","09","11/29/84 00:00:00","02/13/86 00:00:00","9"
"1506","10","05/02/86 00:00:00","09/02/87 00:00:00","10"
"1506","11","11/06/87 00:00:00","01/03/89 00:00:00","11"
"1506","12","02/15/89 00:00:00","04/26/90 00:00:00","12"
"1506","13","06/06/90 00:00:00","08/01/91 00:00:00","13"
"1506","14","09/30/91 00:00:00","12/03/92 00:00:00","14"
"1506","15","02/01/93 00:00:00","04/28/94 00:00:00","15"
"1506","16","06/27/94 00:00:00","11/02/95 00:00:00","16"
"1506","17","12/10/95 00:00:00","09/18/97 00:00:00","17"
"1507","01","11/11/73 00:00:00","04/07/76 00:00:00","1"
"1507","02","07/12/76 00:00:00","05/28/77 00:00:00","2"
"1507","03","08/28/77 00:00:00","11/04/78 00:00:00","3"
"1507","04","12/29/78 00:00:00","03/04/80 00:00:00","4"
"1507","05","06/24/80 00:00:00","12/29/81 00:00:00","5"
"1507","06","05/19/82 00:00:00","09/14/83 00:00:00","6"
"1507","07","12/07/83 00:00:00","02/21/85 00:00:00","7"
"1507","08","04/21/85 00:00:00","08/16/86 00:00:00","8"
"1507","09","10/18/86 00:00:00","02/02/88 00:00:00","9"
"1507","10","04/07/88 00:00:00","05/20/89 00:00:00","10"
"1507","11","07/04/89 00:00:00","09/12/90 00:00:00","11"
"1507","12","10/27/90 00:00:00","01/09/92 00:00:00","12"
"1507","13","03/06/92 00:00:00","04/29/93 00:00:00","13"
"1507","14","06/24/93 00:00:00","10/06/94 00:00:00","14"
"1507","15","11/18/94 00:00:00","03/28/96 00:00:00","15"
"1507","16","05/06/96 00:00:00","03/14/98 00:00:00","16"
"1508","01","09/05/74 00:00:00","09/18/76 00:00:00","1"
"1508","02","11/11/76 00:00:00","10/21/77 00:00:00","2"
"1508","03","12/12/77 00:00:00","06/06/78 00:00:00","3"
"1508","04","07/15/78 00:00:00","04/28/79 00:00:00","4"
"1508","05","10/28/79 00:00:00","12/05/80 00:00:00","5"
"1508","06","03/16/81 00:00:00","04/24/82 00:00:00","6"
"1508","07","10/03/82 00:00:00","03/08/84 00:00:00","7"
"1508","08","05/26/84 00:00:00","08/07/85 00:00:00","8"
"1508","09","10/06/85 00:00:00","12/17/86 00:00:00","9"
"1508","10","03/30/87 00:00:00","08/10/88 00:00:00","10"
"1508","11","09/23/88 00:00:00","11/08/89 00:00:00","11"
"1508","12","12/18/89 00:00:00","02/13/91 00:00:00","12"
"1508","13","03/30/91 00:00:00","07/21/92 00:00:00","13"
"1508","14","09/27/92 00:00:00","12/28/93 00:00:00","14"
"1508","15","02/26/94 00:00:00","06/06/95 00:00:00","15"
"1508","16","07/23/95 00:00:00","10/04/96 00:00:00","16"
"1508","17","03/14/97 00:00:00","10/08/98 00:00:00","17"
"1501","11","01/05/98 00:00:00","04/22/99 00:00:00","11"
"1501","12","05/24/99 00:00:00","10/14/00 00:00:00","12"
"1501","13","11/20/00 00:00:00","04/27/02 00:00:00","13"
"1502","10","10/24/98 00:00:00","03/11/00 00:00:00","10"
"1502","11","04/08/00 00:00:00","09/15/01 00:00:00","11"
"1504","13","07/01/98 00:00:00","09/17/99 00:00:00","13"
"1504","14","11/05/99 00:00:00","03/09/01 00:00:00","14"
"1504","15","04/18/01 00:00:00","09/13/02 00:00:00","15"
"1505","12","12/18/97 00:00:00","03/12/99 00:00:00","12"
"1505","13","04/15/99 00:00:00","09/01/00 00:00:00","13"
"1505","14","10/13/00 00:00:00","02/22/02 00:00:00","14"
"1506","18","12/24/97 00:00:00","05/20/99 00:00:00","18"
"1506","19","07/08/99 00:00:00","11/23/00 00:00:00","19"
"1506","20","01/13/01 00:00:00","03/23/02 00:00:00","20"
"1507","17","05/25/98 00:00:00","11/04/99 00:00:00","17"
"1507","18","12/16/99 00:00:00","04/26/01 00:00:00","18"
"1507","19","05/30/01 00:00:00","10/12/02 00:00:00","19"
"1508","18","12/10/98 00:00:00","04/13/00 00:00:00","18"
"1508","19","05/20/00 00:00:00","11/10/01 00:00:00","19"
"1601","01","06/14/76 00:00:00","11/30/79 00:00:00","1"
"1601","02","11/20/80 00:00:00","12/25/81 00:00:00","2"
"1601","03","07/09/82 00:00:00","06/10/83 00:00:00","3"
"1601","04","09/24/83 00:00:00","10/11/84 00:00:00","4"
"1601","05","01/04/85 00:00:00","05/17/86 00:00:00","5"
"1601","06","08/25/86 00:00:00","12/11/87 00:00:00","6"
"1601","07","02/29/88 00:00:00","09/01/89 00:00:00","7"
"1601","08","12/26/89 00:00:00","04/12/91 00:00:00","8"
"1601","09","07/19/91 00:00:00","03/26/93 00:00:00","9"
"1601","10","06/18/93 00:00:00","01/03/95 00:00:00","10"
"1601","11","03/08/95 00:00:00","03/22/96 00:00:00","11"
"1601","12","05/11/96 00:00:00","09/28/97 00:00:00","12"
"1602","01","08/04/87 00:00:00","03/18/89 00:00:00","1"
"1602","02","05/28/89 00:00:00","09/03/90 00:00:00","2"
"1602","03","11/21/90 00:00:00","03/13/92 00:00:00","3"
"1602","04","05/11/92 00:00:00","09/17/93 00:00:00","4"
"1602","05","12/07/93 00:00:00","03/24/95 00:00:00","5"
"1602","06","05/09/95 00:00:00","08/30/96 00:00:00","6"
"1602","07","12/15/96 00:00:00","02/26/99 00:00:00","7"
"1602","08","04/12/99 00:00:00","09/23/00 00:00:00","8"
"1602","09","10/25/00 00:00:00","02/04/02 00:00:00","9"
"1601","13","01/21/98 00:00:00","02/15/00 00:00:00","13"
"1601","14","04/07/00 00:00:00","09/01/01 00:00:00","14"
"1701","01A","01/14/77 00:00:00","03/03/78 00:00:00","1"
"1701","01B","09/15/78 00:00:00","04/23/79 00:00:00","2"
"1701","02","07/29/79 00:00:00","02/26/80 00:00:00","3"
"1701","03","08/08/80 00:00:00","09/28/81 00:00:00","4"
"1701","04","12/10/81 00:00:00","03/19/83 00:00:00","5"
"1701","05","07/24/83 00:00:00","03/08/85 00:00:00","6"
"1701","06","08/18/85 00:00:00","09/18/87 00:00:00","7"
"1701","07","01/08/88 00:00:00","03/14/90 00:00:00","8"
"1701","08","06/21/90 00:00:00","04/30/92 00:00:00","9"
"1701","09","07/14/92 00:00:00","04/07/94 00:00:00","10"
"1701","10","06/01/94 00:00:00","02/16/96 00:00:00","11"
"1701","11","05/17/96 00:00:00","10/01/99 00:00:00","12"
"1701","12","11/12/99 00:00:00","09/29/01 00:00:00","13"
"1801","01","","03/28/78 00:00:00","1"
"1801","02","","03/31/79 00:00:00","2"
"1801","03","","03/15/80 00:00:00","3"
"1801","04","","08/11/81 00:00:00","4"
"1801","05","","02/26/83 00:00:00","5"
"1801","06","","10/20/85 00:00:00","6"
"1801","07","","02/07/87 00:00:00","7"
"1801","08","","07/11/88 00:00:00","8"
"1801","09","","01/22/90 00:00:00","9"
"1801","10","04/23/90 00:00:00","10/18/91 00:00:00","10"
"1801","11","12/21/91 00:00:00","03/27/93 00:00:00","11"
"1801","12","06/17/93 00:00:00","10/26/94 00:00:00","12"
"1801","13","12/01/94 00:00:00","04/29/96 00:00:00","13"
"1801","14","07/25/96 00:00:00","10/20/97 00:00:00","14"
"1802","01","","10/12/84 00:00:00","1"
"1802","02","","04/05/86 00:00:00","2"
"1802","03","","10/03/87 00:00:00","3"
"1802","04","","02/01/89 00:00:00","4"
"1802","05","04/23/89 00:00:00","09/30/90 00:00:00","5"
"1802","06","12/02/90 00:00:00","04/20/92 00:00:00","6"
"1802","07","06/24/92 00:00:00","02/15/94 00:00:00","7"
"1802","08","04/22/94 00:00:00","10/09/95 00:00:00","8"
"1802","09","01/05/96 00:00:00","04/14/97 00:00:00","9"
"1802","10","05/25/97 00:00:00","11/09/98 00:00:00","10"
"1803","01","","10/04/74 00:00:00","1"
"1803","02","","10/26/75 00:00:00","2"
"1803","03","","11/15/76 00:00:00","3"
"1803","04","","11/24/77 00:00:00","4"
"1803","05","","01/01/79 00:00:00","5"
"1803","06","","12/01/79 00:00:00","6"
"1803","07","","02/28/81 00:00:00","7"
"1803","08","","04/06/83 00:00:00","8"
"1803","09","","03/30/85 00:00:00","9"
"1803","10","","03/15/87 00:00:00","10"
"1803","11","09/05/87 00:00:00","02/03/90 00:00:00","11"
"1803","12","06/11/90 00:00:00","08/24/92 00:00:00","12"
"1803","13","12/02/92 00:00:00","04/04/94 00:00:00","13"
"1803","14","05/19/94 00:00:00","09/04/95 00:00:00","14"
"1803","15","10/08/95 00:00:00","03/03/97 00:00:00","15"
"1803","16","04/16/97 00:00:00","09/21/98 00:00:00","16"
"1804","01","","03/29/75 00:00:00","1"
"1804","02","","04/18/76 00:00:00","2"
"1804","03","","05/09/77 00:00:00","3"
"1804","04","","08/13/78 00:00:00","4"
"1804","05","","04/04/79 00:00:00","5"
"1804","06","","11/08/80 00:00:00","6"
"1804","07","","10/19/81 00:00:00","7"
"1804","08","","10/09/82 00:00:00","8"
"1804","09","","03/08/84 00:00:00","9"
"1804","10","","01/10/86 00:00:00","10"
"1804","11","","09/20/88 00:00:00","11"
"1804","12","06/11/89 00:00:00","11/24/90 00:00:00","12"
"1804","13","10/27/91 00:00:00","04/10/93 00:00:00","13"
"1804","14","05/26/93 00:00:00","10/02/94 00:00:00","14"
"1804","15","11/14/94 00:00:00","03/04/96 00:00:00","15"
"1804","16","04/09/96 00:00:00","09/08/97 00:00:00","16"
"1801","15","01/17/98 00:00:00","09/13/99 00:00:00","15"
"1801","16","10/18/99 00:00:00","04/02/01 00:00:00","16"
"1801","17","04/30/01 00:00:00","09/30/02 00:00:00","17"
"1802","11","12/09/98 00:00:00","04/17/00 00:00:00","11"
"1802","12","05/17/00 00:00:00","11/26/01 00:00:00","12"
"1803","17","10/28/98 00:00:00","02/28/00 00:00:00","17"
"1803","18","03/26/00 00:00:00","09/29/01 00:00:00","18"
"1804","17","10/13/97 00:00:00","03/15/99 00:00:00","17"
"1804","18","04/07/99 00:00:00","09/25/00 00:00:00","18"
"1804","19","10/23/00 00:00:00","03/23/02 00:00:00","19"
"1901","01","06/05/74 00:00:00","02/20/76 00:00:00","1"
"1901","02","05/24/76 00:00:00","03/18/77 00:00:00","2"
"1901","03","05/13/77 00:00:00","03/18/78 00:00:00","3"
"1901","04","04/28/78 00:00:00","02/17/79 00:00:00","4"
"1901","05","10/03/85 00:00:00","10/31/86 00:00:00","5"
"1901","06","03/23/87 00:00:00","06/17/88 00:00:00","6"
"1901","07","08/14/88 00:00:00","01/05/90 00:00:00","7"
"1901","08","03/03/90 00:00:00","09/27/91 00:00:00","8"
"1901","09","11/14/91 00:00:00","09/10/93 00:00:00","9"
"1901","10","10/16/93 00:00:00","09/08/95 00:00:00","10"
"1901","11","10/12/95 00:00:00","09/05/97 00:00:00","11"
"1903","01A","12/23/69 00:00:00","09/18/71 00:00:00","1"
"1903","01B","11/11/71 00:00:00","05/01/72 00:00:00","2"
"1903","02","06/20/72 00:00:00","04/13/73 00:00:00","3"
"1903","03","06/04/73 00:00:00","04/13/74 00:00:00","4"
"1903","04","07/01/74 00:00:00","03/29/75 00:00:00","5"
"1903","05","05/25/75 00:00:00","12/27/75 00:00:00","6"
"1903","06","03/10/76 00:00:00","04/23/77 00:00:00","7"
"1903","07","08/01/77 00:00:00","09/16/78 00:00:00","8"
"1903","08","12/05/78 00:00:00","01/05/80 00:00:00","9"
"1903","09","07/16/80 00:00:00","02/12/83 00:00:00","10"
"1903","10","12/26/86 00:00:00","04/11/86 00:00:00","11"
"1903","11","12/21/86 00:00:00","09/30/88 00:00:00","12"
"1903","12","05/11/89 00:00:00","02/16/91 00:00:00","13"
"1903","13","06/27/91 00:00:00","11/28/92 00:00:00","14"
"1903","14","02/14/93 00:00:00","09/10/94 00:00:00","15"
"1903","15","12/14/94 00:00:00","09/04/96 00:00:00","16"
"1903","16","10/23/96 00:00:00","09/26/98 00:00:00","17"
"1901","12","10/18/97 00:00:00","09/10/99 00:00:00","12"
"1901","13","10/18/99 00:00:00","10/09/01 00:00:00","13"
"1903","17","11/13/98 00:00:00","10/13/00 00:00:00","18"
"1903","18","11/17/00 00:00:00","10/04/02 00:00:00","19"
"2001","01","11/11/74 00:00:00","03/12/77 00:00:00","1"
"2001","02","05/21/77 00:00:00","03/03/78 00:00:00","2"
"2001","03","04/16/78 00:00:00","04/22/79 00:00:00","3"
"2001","04","08/29/79 00:00:00","02/27/81 00:00:00","4"
"2001","05","06/17/81 00:00:00","10/09/81 00:00:00","5"
"2001","06","11/26/81 00:00:00","10/09/82 00:00:00","6"
"2001","07","02/22/83 00:00:00","11/05/83 00:00:00","7"
"2001","08","12/11/83 00:00:00","09/29/84 00:00:00","8"
"2001","09","01/12/85 00:00:00","11/27/85 00:00:00","9"
"2001","10","05/13/86 00:00:00","04/22/87 00:00:00","10"
"2001","11","06/26/87 00:00:00","09/28/88 00:00:00","11"
"2001","12","12/09/88 00:00:00","02/17/90 00:00:00","12"
"2001","13","06/06/90 00:00:00","09/18/91 00:00:00","13"
"2001","14","11/29/91 00:00:00","03/16/93 00:00:00","14"
"2001","15","05/16/93 00:00:00","09/21/94 00:00:00","15"
"2001","16","11/05/94 00:00:00","03/23/96 00:00:00","16"
"2001","17","05/02/96 00:00:00","10/11/97 00:00:00","17"
"2002","01","09/22/78 00:00:00","11/01/80 00:00:00","1"
"2002","02","02/22/81 00:00:00","02/19/82 00:00:00","2"
"2002","03","05/25/82 00:00:00","04/04/83 00:00:00","3"
"2002","04","07/14/83 00:00:00","01/13/84 00:00:00","4"
"2002","05","09/03/84 00:00:00","04/05/85 00:00:00","5"
"2002","06","05/25/85 00:00:00","09/18/86 00:00:00","6"
"2002","07","12/10/86 00:00:00","01/13/88 00:00:00","7"
"2002","08","03/21/88 00:00:00","09/04/89 00:00:00","8"
"2002","09","12/17/89 00:00:00","03/20/91 00:00:00","9"
"2002","10","06/02/91 00:00:00","09/16/92 00:00:00","10"
"2002","11A","11/21/92 00:00:00","03/04/93 00:00:00","11"
"2002","11B","04/06/93 00:00:00","03/16/94 00:00:00","12"
"2002","12","04/30/94 00:00:00","09/23/95 00:00:00","13"
"2002","13","11/21/95 00:00:00","03/15/97 00:00:00","14"
"2002","14","04/20/97 00:00:00","09/05/98 00:00:00","15"
"2003","01","","10/08/88 00:00:00","1"
"2003","02","","02/23/90 00:00:00","2"
"2003","03","04/21/90 00:00:00","09/15/91 00:00:00","3"
"2003","04","11/24/91 00:00:00","03/12/93 00:00:00","4"
"2003","05","04/27/93 00:00:00","09/11/94 00:00:00","5"
"2003","06","10/16/94 00:00:00","03/03/96 00:00:00","6"
"2003","07","04/21/96 00:00:00","09/07/97 00:00:00","7"
"2004","01","03/28/89 00:00:00","09/14/90 00:00:00","1"
"2004","02","11/14/90 00:00:00","03/11/92 00:00:00","2"
"2004","03","05/08/92 00:00:00","09/10/93 00:00:00","3"
"2004","04","10/20/93 00:00:00","02/26/95 00:00:00","4"
"2004","05","03/31/95 00:00:00","09/08/96 00:00:00","5"
"2004","06","10/12/96 00:00:00","03/08/98 00:00:00","6"
"2001","18","11/21/97 00:00:00","03/01/99 00:00:00","18"
"2001","19","05/01/99 00:00:00","09/29/00 00:00:00","19"
"2001","20","11/03/00 00:00:00","03/23/02 00:00:00","20"
"2002","15","11/09/98 00:00:00","03/04/00 00:00:00","16"
"2002","16","04/10/00 00:00:00","09/15/01 00:00:00","17"
"2003","08","10/21/97 00:00:00","02/27/99 00:00:00","8"
"2003","09","03/26/99 00:00:00","09/16/00 00:00:00","9"
"2003","10","10/17/00 00:00:00","03/06/02 00:00:00","10"
"2004","07","04/19/98 00:00:00","10/03/99 00:00:00","7"
"2004","08","11/04/99 00:00:00","04/07/01 00:00:00","8"
"2004","09","05/04/01 00:00:00","10/05/02 00:00:00","9"
"2101","01","12/03/85 00:00:00","09/14/87 00:00:00","1"
"2101","02","12/26/87 00:00:00","03/15/89 00:00:00","2"
"2101","03","06/08/89 00:00:00","09/29/90 00:00:00","3"
"2101","04","12/04/90 00:00:00","03/12/92 00:00:00","4"
"2101","05","09/08/92 00:00:00","04/15/94 00:00:00","5"
"2101","06","07/06/94 00:00:00","01/04/96 00:00:00","6"
"2101","07","02/13/96 00:00:00","09/12/97 00:00:00","7"
"2101","08","10/21/97 00:00:00","04/03/99 00:00:00","8"
"2101","09","07/03/99 00:00:00","03/04/00 00:00:00","9"
"2101","10","04/08/00 00:00:00","09/23/01 00:00:00","10"
"2201","01","03/30/88 00:00:00","08/05/89 00:00:00","0"
"2201","02","10/13/89 00:00:00","03/29/90 00:00:00","0"
"2201","03","06/13/90 00:00:00","11/24/90 00:00:00","0"
"2201","04","04/04/91 00:00:00","09/19/92 00:00:00","0"
"2201","05","12/31/92 00:00:00","03/04/95 00:00:00","0"
"2201","06","04/14/95 00:00:00","05/18/96 00:00:00","0"
"2201","07","06/09/96 00:00:00","09/13/97 00:00:00","0"
"2201","08","10/05/97 00:00:00","03/27/99 00:00:00","0"
"2201","09","04/28/99 00:00:00","03/01/00 00:00:00","0"
"2201","10","05/15/00 00:00:00","10/03/01 00:00:00","0"
"2202","01","04/11/89 00:00:00","09/29/90 00:00:00","0"
"2202","02","12/11/90 00:00:00","09/14/91 00:00:00","0"
"2202","03","12/18/91 00:00:00","02/03/93 00:00:00","0"
"2202","04","05/29/94 00:00:00","10/07/95 00:00:00","0"
"2202","05","11/02/95 00:00:00","02/08/97 00:00:00","0"
"2202","06","02/25/97 00:00:00","10/03/98 00:00:00","0"
"2202","07","10/24/98 00:00:00","10/13/99 00:00:00","0"
"2202","08","11/09/99 00:00:00","03/07/01 00:00:00","0"
"2202","09","04/02/01 00:00:00","10/02/02 00:00:00","0"
"2301","01","04/24/87 00:00:00","01/02/89 00:00:00","1"
"2301","02","05/29/89 00:00:00","10/14/90 00:00:00","2"
"2301","03","03/09/91 00:00:00","02/29/92 00:00:00","3"
"2301","04","05/31/92 00:00:00","09/25/93 00:00:00","4"
"2301","05","12/10/93 00:00:00","03/12/95 00:00:00","5"
"2301","06","04/29/95 00:00:00","09/06/96 00:00:00","6"
"2301","07","05/27/99 00:00:00","10/14/00 00:00:00","7"
"2301","08","11/12/00 00:00:00","04/02/02 00:00:00","8"
"2401","01A","","06/06/75 00:00:00","1"
"2401","01B","","02/13/76 00:00:00","2"
"2401","02","","03/12/77 00:00:00","3"
"2401","03","","03/18/78 00:00:00","4"
"2401","04A","","06/17/78 00:00:00","5"
"2401","04B","","02/09/80 00:00:00","6"
"2401","05","","03/21/81 00:00:00","7"
"2401","06","","02/11/83 00:00:00","8"
"2401","07","","02/01/85 00:00:00","9"
"2401","08","","03/12/87 00:00:00","10"
"2401","09","","09/29/88 00:00:00","11"
"2401","10","","06/28/90 00:00:00","12"
"2401","11","09/10/90 00:00:00","02/27/92 00:00:00","13"
"2401","12","04/26/92 00:00:00","07/29/93 00:00:00","14"
"2401","13","10/10/93 00:00:00","02/23/95 00:00:00","15"
"2401","14","04/19/95 00:00:00","10/11/96 00:00:00","16"
"2401","15","11/16/96 00:00:00","04/03/98 00:00:00","17"
"2401","16","05/22/98 00:00:00","10/22/99 00:00:00","18"
"2401","17","12/01/99 00:00:00","04/12/01 00:00:00","19"
"2501","01","05/22/85 00:00:00","10/16/86 00:00:00","1"
"2501","02","12/21/86 00:00:00","09/27/87 00:00:00","2"
"2501","03","01/05/88 00:00:00","10/07/88 00:00:00","3"
"2501","04","01/04/89 00:00:00","03/09/90 00:00:00","4"
"2501","05","05/16/90 00:00:00","09/20/91 00:00:00","5"
"2501","06","01/15/92 00:00:00","03/04/93 00:00:00","6"
"2501","07","05/17/93 00:00:00","09/16/94 00:00:00","7"
"2501","08","11/02/94 00:00:00","02/03/96 00:00:00","8"
"2501","09","04/07/96 00:00:00","10/04/97 00:00:00","9"
"2501","10","12/01/97 00:00:00","04/03/99 00:00:00","10"
"2501","11","05/09/99 00:00:00","09/29/00 00:00:00","11"
"2501","12","11/07/00 00:00:00","03/23/02 00:00:00","12"
"2701","01","09/24/85 00:00:00","11/26/86 00:00:00","1"
"2701","02","02/07/87 00:00:00","04/01/88 00:00:00","2"
"2701","03","05/31/88 00:00:00","09/23/89 00:00:00","3"
"2701","04","11/17/89 00:00:00","03/15/91 00:00:00","4"
"2701","05","05/27/91 00:00:00","09/18/92 00:00:00","5"
"2701","06","11/09/92 00:00:00","03/04/94 00:00:00","6"
"2701","07","03/23/94 00:00:00","09/22/95 00:00:00","7"
"2701","08","11/07/95 00:00:00","04/12/97 00:00:00","8"
"2701","09","07/29/97 00:00:00","02/19/99 00:00:00","9"
"2701","10","04/02/99 00:00:00","10/13/00 00:00:00","10"
"2701","11","11/17/00 00:00:00","03/22/02 00:00:00","11"
"2801","01A","11/08/72 00:00:00","06/29/74 00:00:00","1"
"2801","01B","10/12/74 00:00:00","05/02/75 00:00:00","2"
"2801","02","06/29/75 00:00:00","04/09/77 00:00:00","3"
"2801","03","06/11/77 00:00:00","07/14/78 00:00:00","4"
"2801","04","08/28/78 00:00:00","01/11/80 00:00:00","5"
"2801","05","03/17/80 00:00:00","05/08/81 00:00:00","6"
"2801","06","07/20/81 00:00:00","09/24/82 00:00:00","7"
"2801","07","12/12/82 00:00:00","03/31/84 00:00:00","8"
"2801","08","06/20/84 00:00:00","08/17/85 00:00:00","9"
"2801","09","10/25/85 00:00:00","03/28/87 00:00:00","10"
"2801","10","06/18/87 00:00:00","10/15/88 00:00:00","11"
"2801","11","12/16/88 00:00:00","04/07/90 00:00:00","12"
"2801","12","06/30/90 00:00:00","02/14/92 00:00:00","13"
"2801","13","04/19/92 00:00:00","07/30/93 00:00:00","14"
"2801","14","10/14/93 00:00:00","01/14/95 00:00:00","15"
"2801","15","01/16/96 00:00:00","12/06/96 00:00:00","16"
"2901","01","07/01/85 00:00:00","09/05/86 00:00:00","1"
"2901","02","01/09/87 00:00:00","11/07/87 00:00:00","2"
"2901","03","01/06/88 00:00:00","03/17/89 00:00:00","3"
"2901","04","04/30/89 00:00:00","09/29/90 00:00:00","4"
"2901","05","11/26/90 00:00:00","04/17/92 00:00:00","5"
"2901","06","06/09/92 00:00:00","09/28/93 00:00:00","6"
"2901","07","12/04/93 00:00:00","04/14/95 00:00:00","7"
"2901","08","06/21/95 00:00:00","10/19/96 00:00:00","8"
"2901","09","11/30/96 00:00:00","04/11/98 00:00:00","9"
"2901","10","05/21/98 00:00:00","10/23/99 00:00:00","10"
"2901","11","12/10/99 00:00:00","04/14/01 00:00:00","11"
"2901","12","05/05/01 00:00:00","09/13/02 00:00:00","12"
"3001","01","02/23/74 00:00:00","09/19/76 00:00:00","1"
"3001","02","11/12/76 00:00:00","09/19/77 00:00:00","2"
"3001","03","10/18/77 00:00:00","04/02/78 00:00:00","3"
"3001","04","04/30/78 00:00:00","04/07/79 00:00:00","4"
"3001","05","05/06/79 00:00:00","03/01/80 00:00:00","5"
"3001","06","05/30/80 00:00:00","04/21/81 00:00:00","6"
"3001","07","06/06/81 00:00:00","05/21/82 00:00:00","7"
"3001","08","07/06/82 00:00:00","04/30/83 00:00:00","8"
"3001","09","09/01/83 00:00:00","09/15/84 00:00:00","9"
"3001","10","08/20/85 00:00:00","10/04/86 00:00:00","10"
"3001","11","01/03/87 00:00:00","03/05/88 00:00:00","11"
"3001","12","06/17/88 00:00:00","04/07/89 00:00:00","12"
"3001","13","06/16/89 00:00:00","03/03/90 00:00:00","13"
"3001","14","05/04/90 00:00:00","10/04/91 00:00:00","14"
"3001","15","12/15/91 00:00:00","03/05/93 00:00:00","15"
"3001","16","07/21/93 00:00:00","10/14/95 00:00:00","16"
"3001","17","12/27/95 00:00:00","03/29/97 00:00:00","17"
"3001","18","05/20/97 00:00:00","10/03/98 00:00:00","18"
"3001","19","12/20/98 00:00:00","03/04/00 00:00:00","19"
"3001","20a","04/18/00 00:00:00","03/03/01 00:00:00","20"
"3001","20b","03/17/01 00:00:00","11/03/01 00:00:00","21"
"3101","01A","","09/18/71 00:00:00","0"
"3101","01B","","04/02/72 00:00:00","0"
"3101","01C","","04/14/73 00:00:00","0"
"3101","02","","03/31/74 00:00:00","0"
"3101","03","","09/14/75 00:00:00","0"
"3101","04","","03/05/77 00:00:00","0"
"3101","05","","03/03/79 00:00:00","0"
"3101","06","","03/07/81 00:00:00","0"
"3101","07","","03/17/84 00:00:00","0"
"3101","08","","03/08/86 00:00:00","0"
"3101","09","06/16/86 00:00:00","12/19/87 00:00:00","0"
"3101","10","06/30/90 00:00:00","02/19/93 00:00:00","0"
"3101","11","04/14/93 00:00:00","02/15/95 00:00:00","0"
"3101","12","04/04/95 00:00:00","03/03/97 00:00:00","0"
"3101","13","05/10/97 00:00:00","04/11/99 00:00:00","0"
"3101","14","06/15/99 00:00:00","03/18/01 00:00:00","0"
"3102","01","04/05/88 00:00:00","09/05/90 00:00:00","0"
"3102","02","01/19/91 00:00:00","03/04/92 00:00:00","0"
"3102","03","07/04/92 00:00:00","10/01/93 00:00:00","0"
"3102","04","11/30/93 00:00:00","04/08/95 00:00:00","0"
"3102","05","06/03/95 00:00:00","09/28/96 00:00:00","0"
"3102","06","10/31/96 00:00:00","05/02/98 00:00:00","0"
"3102","07","07/02/98 00:00:00","03/03/00 00:00:00","0"
"3102","08","04/18/00 00:00:00","03/16/02 00:00:00","0"
"3201","01","10/26/70 00:00:00","09/01/72 00:00:00","1"
"3201","02","03/04/73 00:00:00","08/30/74 00:00:00","2"
"3201","03","11/04/74 00:00:00","09/12/75 00:00:00","3"
"3201","04","10/20/75 00:00:00","10/01/76 00:00:00","4"
"3201","05","12/01/76 00:00:00","03/10/78 00:00:00","5"
"3201","06","04/15/78 00:00:00","04/28/79 00:00:00","6"
"3201","07","06/27/79 00:00:00","10/04/80 00:00:00","7"
"3201","08","04/19/81 00:00:00","09/11/82 00:00:00","8"
"3201","09","11/17/82 00:00:00","04/14/84 00:00:00","9"
"3201","10","06/28/84 00:00:00","10/26/85 00:00:00","10"
"3201","11","12/23/85 00:00:00","06/05/87 00:00:00","11"
"3201","12","08/18/87 00:00:00","04/07/89 00:00:00","12"
"3201","13","05/26/89 00:00:00","04/07/91 00:00:00","13"
"3201","14","08/15/91 00:00:00","01/15/94 00:00:00","14"
"3201","15","05/20/94 00:00:00","11/04/95 00:00:00","15"
"3202","01","10/17/75 00:00:00","11/20/77 00:00:00","1"
"3202","02","04/21/78 00:00:00","03/10/79 00:00:00","2"
"3202","03","05/18/79 00:00:00","08/16/80 00:00:00","3"
"3202","04","10/19/80 00:00:00","12/05/81 00:00:00","4"
"3202","05","03/15/82 00:00:00","05/28/83 00:00:00","5"
"3202","06","01/11/84 00:00:00","02/16/85 00:00:00","6"
"3202","07","07/04/85 00:00:00","09/20/86 00:00:00","7"
"3202","08","12/18/86 00:00:00","12/31/87 00:00:00","8"
"3202","09","02/21/88 00:00:00","02/04/89 00:00:00","9"
"3202","10","05/01/89 00:00:00","09/14/90 00:00:00","10"
"3202","11","11/09/90 00:00:00","05/30/92 00:00:00","11"
"3202","12","01/13/93 00:00:00","10/01/94 00:00:00","12"
"3203","01","01/23/86 00:00:00","10/31/87 00:00:00","1"
"3203","02","02/09/88 00:00:00","05/11/89 00:00:00","2"
"3203","03","07/13/89 00:00:00","02/02/91 00:00:00","3"
"3203","04","04/16/91 00:00:00","07/31/93 00:00:00","4"
"3203","05","11/07/93 00:00:00","04/14/95 00:00:00","5"
"3202","13","08/04/95 00:00:00","04/21/00 00:00:00","13"
"3202","14","06/01/00 00:00:00","02/16/02 00:00:00","14"
"3203","06","06/07/95 00:00:00","05/01/99 00:00:00","6"
"3203","07","06/29/99 00:00:00","02/03/01 00:00:00","7"
"3203","08","03/31/01 00:00:00","09/07/02 00:00:00","8"
"3301","01","","03/03/73 00:00:00","1"
"3301","02","","03/15/74 00:00:00","2"
"3301","03","","01/10/75 00:00:00","3"
"3301","04","","09/12/75 00:00:00","4"
"3301","05","","09/10/77 00:00:00","5"
"3301","06","","10/14/78 00:00:00","6"
"3301","07","","02/22/80 00:00:00","7"
"3301","08","","04/20/81 00:00:00","8"
"3301","09","","09/01/82 00:00:00","9"
"3301","10","","02/03/84 00:00:00","10"
"3301","11","","04/30/86 00:00:00","11"
"3301","12","","10/21/87 00:00:00","12"
"3301","13","","08/19/89 00:00:00","13"
"3301","14","11/09/89 00:00:00","03/31/91 00:00:00","14"
"3301","15","05/31/91 00:00:00","01/28/93 00:00:00","15"
"3301","16","03/22/93 00:00:00","09/15/94 00:00:00","16"
"3301","17","10/24/94 00:00:00","04/10/96 00:00:00","17"
"3301","18","05/19/96 00:00:00","03/20/98 00:00:00","18"
"3301","19","04/25/98 00:00:00","01/06/00 00:00:00","19"
"3301","20","02/27/00 00:00:00","11/03/01 00:00:00","20"
"3302","01","12/16/73 00:00:00","03/05/76 00:00:00","1"
"3302","02","05/03/76 00:00:00","03/18/77 00:00:00","2"
"3302","03","05/04/77 00:00:00","03/27/78 00:00:00","3"
"3302","04","04/19/78 00:00:00","04/30/79 00:00:00","4"
"3302","05","05/07/79 00:00:00","08/31/80 00:00:00","5"
"3302","06","10/21/80 00:00:00","09/19/81 00:00:00","6"
"3302","07","10/27/81 00:00:00","11/15/82 00:00:00","7"
"3302","08","12/18/82 00:00:00","12/01/83 00:00:00","8"
"3302","09","01/31/84 00:00:00","01/11/85 00:00:00","9"
"3302","10","03/10/85 00:00:00","03/04/86 00:00:00","10"
"3302","11","04/09/86 00:00:00","04/08/87 00:00:00","11"
"3302","12","05/27/87 00:00:00","08/24/88 00:00:00","12"
"3302","13","09/28/89 00:00:00","01/03/90 00:00:00","13"
"3302","14","02/23/90 00:00:00","06/05/91 00:00:00","14"
"3302","15","07/01/91 00:00:00","10/22/92 00:00:00","15"
"3302","16","01/12/93 00:00:00","05/08/94 00:00:00","16"
"3302","17","07/02/94 00:00:00","01/05/96 00:00:00","17"
"3302","18","07/01/96 00:00:00","10/18/97 00:00:00","18"
"3303","01","12/21/74 00:00:00","10/22/76 00:00:00","1"
"3303","02","12/18/76 00:00:00","11/11/77 00:00:00","2"
"3303","03","12/15/77 00:00:00","11/27/78 00:00:00","3"
"3303","04","12/16/78 00:00:00","01/02/80 00:00:00","4"
"3303","05","02/19/80 00:00:00","02/21/81 00:00:00","5"
"3303","06","04/08/81 00:00:00","06/12/82 00:00:00","6"
"3303","07","07/18/82 00:00:00","08/28/83 00:00:00","7"
"3303","08","09/28/83 00:00:00","09/03/84 00:00:00","8"
"3303","09","10/13/84 00:00:00","09/05/85 00:00:00","9"
"3303","10","11/01/85 00:00:00","10/22/86 00:00:00","10"
"3303","11","11/24/86 00:00:00","01/06/88 00:00:00","11"
"3303","12","02/13/88 00:00:00","03/29/89 00:00:00","12"
"3303","13","04/29/89 00:00:00","09/10/90 00:00:00","13"
"3303","14","10/10/90 00:00:00","02/18/92 00:00:00","14"
"3303","15","03/15/92 00:00:00","10/29/93 00:00:00","15"
"3303","16","12/16/93 00:00:00","05/12/95 00:00:00","16"
"3303","17","06/27/95 00:00:00","01/24/97 00:00:00","17"
"3303","18","03/30/97 00:00:00","11/09/98 00:00:00","18"
"3302","19","11/01/97 00:00:00","04/17/99 00:00:00","19"
"3302","20","05/28/99 00:00:00","01/19/01 00:00:00","20"
"3302","21","02/24/01 00:00:00","11/16/02 00:00:00","21"
"3303","19","01/01/99 00:00:00","04/28/00 00:00:00","19"
"3303","20","06/09/00 00:00:00","02/02/02 00:00:00","20"
"3401","01","","02/08/75 00:00:00","1"
"3401","02","","10/02/76 00:00:00","2"
"3401","03","","09/30/77 00:00:00","3"
"3401","04","","10/15/78 00:00:00","4"
"3401","05","","01/18/80 00:00:00","5"
"3401","06","","09/18/81 00:00:00","6"
"3401","07","","12/03/82 00:00:00","7"
"3401","08","","03/02/84 00:00:00","8"
"3401","09","","09/28/85 00:00:00","9"
"3401","10","","03/01/87 00:00:00","10"
"3401","11","","09/27/88 00:00:00","11"
"3401","12","","02/17/90 00:00:00","12"
"3401","13","05/29/90 00:00:00","02/01/92 00:00:00","13"
"3401","14","04/29/92 00:00:00","09/25/93 00:00:00","14"
"3401","15","11/26/93 00:00:00","02/20/95 00:00:00","15"
"3401","16","04/14/95 00:00:00","10/04/96 00:00:00","16"
"3401","17","11/26/96 00:00:00","03/31/98 00:00:00","17"
"3401","18","06/04/98 00:00:00","10/01/99 00:00:00","18"
"3401","19","11/11/99 00:00:00","03/15/01 00:00:00","19"
"3401","20","04/29/01 00:00:00","05/03/02 00:00:00","20"
"3501","01","07/06/85 00:00:00","08/29/86 00:00:00","1"
"3501","02","12/29/86 00:00:00","03/06/88 00:00:00","2"
"3501","03","07/13/88 00:00:00","10/07/89 00:00:00","3"
"3501","04","12/10/89 00:00:00","02/01/91 00:00:00","4"
"3501","05","04/04/91 00:00:00","09/12/92 00:00:00","5"
"3501","06","11/10/92 00:00:00","03/12/94 00:00:00","6"
"3501","07","05/07/94 00:00:00","09/30/95 00:00:00","7"
"3501","08","11/24/95 00:00:00","04/19/97 00:00:00","8"
"3502","01","03/13/86 00:00:00","04/03/87 00:00:00","1"
"3502","02","07/14/87 00:00:00","09/17/88 00:00:00","2"
"3502","03","12/08/88 00:00:00","03/03/90 00:00:00","3"
"3502","04","04/28/90 00:00:00","08/31/91 00:00:00","4"
"3502","05","10/25/91 00:00:00","03/06/93 00:00:00","5"
"3502","06","05/01/93 00:00:00","09/24/94 00:00:00","6"
"3502","07","10/28/94 00:00:00","04/06/96 00:00:00","7"
"3502","08","05/24/96 00:00:00","02/14/98 00:00:00","8"
"3503","01","","06/01/63 00:00:00","1"
"3503","01A","","09/01/65 00:00:00","2"
"3503","02","","11/01/66 00:00:00","3"
"3503","03A","","03/01/67 00:00:00","4"
"3503","03B","","10/01/67 00:00:00","5"
"3503","04","","06/01/69 00:00:00","6"
"3503","05","","04/01/70 00:00:00","7"
"3503","06","","06/05/71 00:00:00","8"
"3503","07","","08/25/72 00:00:00","9"
"3503","08","","08/31/73 00:00:00","10"
"3503","09","","10/31/74 00:00:00","11"
"3503","10","","05/31/75 00:00:00","12"
"3503","11","","07/03/76 00:00:00","13"
"3501","09","05/25/97 00:00:00","02/07/99 00:00:00","9"
"3501","10","03/09/99 00:00:00","10/08/00 00:00:00","10"
"3501","11","11/07/00 00:00:00","04/30/02 00:00:00","11"
"3502","09","03/29/98 00:00:00","09/26/99 00:00:00","9"
"3502","10","10/27/99 00:00:00","04/28/01 00:00:00","10"
"3601","01","11/16/82 00:00:00","02/09/85 00:00:00","1"
"3601","02","06/12/85 00:00:00","02/15/86 00:00:00","2"
"3601","03","04/22/86 00:00:00","09/12/87 00:00:00","3"
"3601","04","11/24/87 00:00:00","03/29/89 00:00:00","4"
"3601","05","06/09/89 00:00:00","09/12/90 00:00:00","5"
"3601","06","11/17/90 00:00:00","03/07/92 00:00:00","6"
"3601","07","05/17/92 00:00:00","09/25/93 00:00:00","7"
"3601","08","01/22/94 00:00:00","03/25/95 00:00:00","8"
"3601","09","05/06/95 00:00:00","09/07/96 00:00:00","9"
"3601","10","10/23/96 00:00:00","04/14/98 00:00:00","10"
"3602","01","07/03/84 00:00:00","08/09/86 00:00:00","1"
"3602","02","10/29/86 00:00:00","03/05/88 00:00:00","2"
"3602","03","06/24/88 00:00:00","09/12/89 00:00:00","3"
"3602","04","11/24/89 00:00:00","03/09/91 00:00:00","4"
"3602","05","05/08/91 00:00:00","09/12/92 00:00:00","5"
"3602","06","11/13/92 00:00:00","03/14/94 00:00:00","6"
"3602","07","06/11/94 00:00:00","09/13/95 00:00:00","7"
"3602","08","10/22/95 00:00:00","03/15/97 00:00:00","8"
"3601","11","06/05/98 00:00:00","03/18/00 00:00:00","11"
"3601","12","05/05/00 00:00:00","03/02/02 00:00:00","12"
"3602","09","05/10/97 00:00:00","03/12/99 00:00:00","9"
"3602","10","04/28/99 00:00:00","03/10/01 00:00:00","10"
"3701","01","08/14/85 00:00:00","05/15/87 00:00:00","1"
"3701","02","08/31/87 00:00:00","01/11/89 00:00:00","2"
"3701","03","05/19/89 00:00:00","09/07/90 00:00:00","3"
"3701","04","12/17/90 00:00:00","03/20/92 00:00:00","4"
"3701","05","07/09/92 00:00:00","02/04/94 00:00:00","5"
"3701","06","03/12/94 00:00:00","02/02/96 00:00:00","6"
"3701","07","03/01/96 00:00:00","04/04/98 00:00:00","8"
"3701","08","05/21/98 00:00:00","03/31/00 00:00:00","9"
"3702","01","09/01/89 00:00:00","03/22/91 00:00:00","1"
"3702","02","06/05/91 00:00:00","01/22/93 00:00:00","2"
"3702","03","03/16/93 00:00:00","01/27/95 00:00:00","3"
"3702","04","02/19/95 00:00:00","01/26/97 00:00:00","4"
"3704","01","07/05/74 00:00:00","03/27/76 00:00:00","1"
"3704","02","05/24/76 00:00:00","04/27/77 00:00:00","2"
"3704","03","09/15/77 00:00:00","09/09/78 00:00:00","3"
"3704","04","10/18/78 00:00:00","03/21/80 00:00:00","4"
"3704","05","08/15/80 00:00:00","02/19/82 00:00:00","5"
"3704","06","07/02/82 00:00:00","04/28/84 00:00:00","6"
"3704","07","07/13/85 00:00:00","03/13/87 00:00:00","7"
"3704","08","05/22/89 00:00:00","01/12/91 00:00:00","8"
"3704","09","04/18/91 00:00:00","09/12/92 00:00:00","9"
"3704","10","12/10/92 00:00:00","09/17/94 00:00:00","10"
"3704","11","10/22/94 00:00:00","09/13/96 00:00:00","11"
"3704","12","10/02/96 00:00:00","09/30/98 00:00:00","12"
"3705","01","12/23/74 00:00:00","12/24/76 00:00:00","1"
"3705","02","04/13/77 00:00:00","04/01/78 00:00:00","2"
"3705","03","05/21/78 00:00:00","09/14/79 00:00:00","3"
"3705","04","11/06/79 00:00:00","03/06/81 00:00:00","4"
"3705","05","10/23/81 00:00:00","02/14/83 00:00:00","5"
"3705","06","10/15/83 00:00:00","07/14/85 00:00:00","6"
"3705","07","03/12/86 00:00:00","03/31/87 00:00:00","7"
"3705","08","12/11/89 00:00:00","09/14/91 00:00:00","8"
"3705","09","01/08/92 00:00:00","09/17/93 00:00:00","9"
"3705","10","11/15/93 00:00:00","09/22/95 00:00:00","10"
"3705","11","10/17/95 00:00:00","10/03/97 00:00:00","11"
"3701","09","04/26/00 00:00:00","03/04/02 00:00:00","10"
"3702","05","02/28/97 00:00:00","04/16/99 00:00:00","5"
"3702","06","05/25/99 00:00:00","04/04/01 00:00:00","6"
"3704","13","11/02/98 00:00:00","09/15/00 00:00:00","13"
"3704","14","10/04/00 00:00:00","09/10/02 00:00:00","14"
"3705","12","11/02/97 00:00:00","09/29/99 00:00:00","12"
"3705","13","10/27/99 00:00:00","09/14/01 00:00:00","13"
"3801","01","04/01/76 00:00:00","03/18/78 00:00:00","1"
"3801","02","01/02/79 00:00:00","04/11/80 00:00:00","2"
"3801","03","07/19/80 00:00:00","05/01/81 00:00:00","3"
"3801","04","07/09/81 00:00:00","03/26/82 00:00:00","4"
"3801","05","08/25/82 00:00:00","01/21/83 00:00:00","5"
"3801","06","07/20/83 00:00:00","04/27/84 00:00:00","6"
"3801","07","09/25/84 00:00:00","05/02/85 00:00:00","7"
"3801","08","07/06/85 00:00:00","04/09/86 00:00:00","8"
"3801","09","06/18/86 00:00:00","04/01/87 00:00:00","9"
"3801","10","08/27/87 00:00:00","04/13/88 00:00:00","10"
"3801","11","07/11/88 00:00:00","03/19/89 00:00:00","11"
"3801","12","08/03/89 00:00:00","03/19/90 00:00:00","12"
"3801","13","07/14/90 00:00:00","03/04/91 00:00:00","13"
"3801","14","02/29/92 00:00:00","11/09/92 00:00:00","14"
"3901","01","02/01/75 00:00:00","06/21/77 00:00:00","1"
"3901","02","09/25/77 00:00:00","09/17/78 00:00:00","2"
"3901","03","12/07/78 00:00:00","05/05/80 00:00:00","3"
"3901","04","08/11/80 00:00:00","10/31/81 00:00:00","4"
"3901","05","03/09/82 00:00:00","06/23/83 00:00:00","5"
"3901","06","09/04/83 00:00:00","02/14/85 00:00:00","6"
"3901","07","06/01/85 00:00:00","01/16/87 00:00:00","7"
"3901","08","04/30/87 00:00:00","08/27/88 00:00:00","8"
"3901","09","11/24/88 00:00:00","03/31/90 00:00:00","9"
"3901","10","06/24/90 00:00:00","11/27/91 00:00:00","10"
"3901","11","01/19/93 00:00:00","11/30/94 00:00:00","11"
"3901","12","03/21/95 00:00:00","10/26/96 00:00:00","12"
"3901","13","12/08/96 00:00:00","10/16/98 00:00:00","13"
"3902","01","05/04/76 00:00:00","06/07/78 00:00:00","1"
"3902","02","08/26/78 00:00:00","09/14/79 00:00:00","2"
"3902","03","03/14/80 00:00:00","03/24/82 00:00:00","3"
"3902","04","06/18/83 00:00:00","06/07/85 00:00:00","4"
"3902","05","11/14/85 00:00:00","04/02/87 00:00:00","5"
"3902","06","09/05/87 00:00:00","02/04/89 00:00:00","6"
"3902","07","06/24/89 00:00:00","09/15/90 00:00:00","7"
"3902","08","11/24/90 00:00:00","03/01/92 00:00:00","8"
"3902","09","04/14/92 00:00:00","05/16/97 00:00:00","9"
"3902","10","09/18/97 00:00:00","09/10/99 00:00:00","10"
"3902","11","10/20/99 00:00:00","04/27/01 00:00:00","11"
"3901","14","12/15/98 00:00:00","10/07/00 00:00:00","14"
"3901","15","11/14/00 00:00:00","10/07/02 00:00:00","15"
"4201","01","06/28/86 00:00:00","02/14/88 00:00:00","1"
"4201","02","04/09/88 00:00:00","09/16/89 00:00:00","2"
"4201","03","11/17/89 00:00:00","01/01/91 00:00:00","3"
"4201","04","02/19/91 00:00:00","09/12/92 00:00:00","4"
"4201","05","11/11/92 00:00:00","03/05/94 00:00:00","5"
"4201","06","04/22/94 00:00:00","11/10/95 00:00:00","6"
"4201","07","03/20/96 00:00:00","09/12/97 00:00:00","7"
"4202","01","12/18/76 00:00:00","04/03/79 00:00:00","1"
"4202","02","12/26/79 00:00:00","09/19/80 00:00:00","2"
"4202","03","12/25/80 00:00:00","01/01/82 00:00:00","3"
"4202","04","04/19/82 00:00:00","10/15/82 00:00:00","4"
"4202","05","05/20/83 00:00:00","02/24/84 00:00:00","5"
"4202","06","10/16/84 00:00:00","03/21/86 00:00:00","6"
"4202","07","05/05/86 00:00:00","10/02/87 00:00:00","7"
"4202","08","02/23/88 00:00:00","03/23/89 00:00:00","8"
"4202","09","06/13/89 00:00:00","02/09/91 00:00:00","9"
"4202","10","04/26/91 00:00:00","04/03/92 00:00:00","10"
"4202","11","08/05/92 00:00:00","10/02/93 00:00:00","11"
"4202","12","01/27/94 00:00:00","05/17/95 00:00:00","12"
"4203","01","05/28/81 00:00:00","01/21/83 00:00:00","1"
"4203","02","07/26/83 00:00:00","10/04/84 00:00:00","2"
"4203","03","04/12/85 00:00:00","10/02/86 00:00:00","3"
"4203","04","12/20/86 00:00:00","08/31/88 00:00:00","4"
"4203","05","11/28/88 00:00:00","03/31/90 00:00:00","5"
"4203","06","06/20/90 00:00:00","11/09/91 00:00:00","6"
"4203","07","04/19/92 00:00:00","03/16/93 00:00:00","7"
"4203","08","06/28/93 00:00:00","10/13/94 00:00:00","8"
"4203","09","02/16/95 00:00:00","06/07/95 00:00:00","9"
"4201","08","12/13/97 00:00:00","02/13/99 00:00:00","8"
"4201","09","03/31/99 00:00:00","04/21/00 00:00:00","9"
"4201","10","05/23/00 00:00:00","10/10/01 00:00:00","10"
"4202","13","04/17/98 00:00:00","09/17/99 00:00:00","13"
"4202","14","10/26/99 00:00:00","04/05/01 00:00:00","14"
"4202","15","05/17/01 00:00:00","10/10/02 00:00:00","15"
"4203","10","08/28/97 00:00:00","04/02/99 00:00:00","10"
"4203","11","05/26/99 00:00:00","10/05/00 00:00:00","11"
"4203","12","11/15/00 00:00:00","04/04/02 00:00:00","12"
"4401","01A","12/02/69 00:00:00","02/04/71 00:00:00","1"
"4401","01B","05/13/71 00:00:00","04/14/72 00:00:00","2"
"4401","02","06/24/72 00:00:00","10/06/72 00:00:00","3"
"4401","03","11/10/72 00:00:00","01/01/74 00:00:00","4"
"4401","04","04/25/74 00:00:00","03/10/75 00:00:00","5"
"4401","05","05/19/75 00:00:00","01/29/76 00:00:00","6"
"4401","06","04/10/76 00:00:00","04/15/77 00:00:00","7"
"4401","07","05/23/77 00:00:00","03/25/78 00:00:00","8"
"4401","08","05/21/78 00:00:00","02/10/79 00:00:00","9"
"4401","09","04/03/79 00:00:00","03/29/80 00:00:00","10"
"4401","10","05/23/80 00:00:00","04/18/81 00:00:00","11"
"4401","11","06/20/81 00:00:00","01/25/82 00:00:00","12"
"4401","12","05/27/82 00:00:00","03/26/83 00:00:00","13"
"4401","13","06/25/83 00:00:00","03/03/84 00:00:00","14"
"4401","14","05/14/84 00:00:00","03/20/85 00:00:00","15"
"4401","15","04/07/85 00:00:00","02/07/86 00:00:00","16"
"4401","16","03/22/86 00:00:00","02/13/87 00:00:00","17"
"4401","17","03/10/87 00:00:00","02/05/88 00:00:00","18"
"4401","18","03/12/88 00:00:00","03/17/89 00:00:00","19"
"4401","19","05/30/89 00:00:00","03/23/90 00:00:00","20"
"4401","20","05/07/90 00:00:00","03/22/91 00:00:00","21"
"4401","21","05/11/91 00:00:00","03/27/92 00:00:00","22"
"4401","22","05/11/92 00:00:00","03/12/93 00:00:00","23"
"4401","23","04/26/93 00:00:00","03/04/94 00:00:00","24"
"4401","24","04/18/94 00:00:00","03/26/95 00:00:00","25"
"4401","25","05/04/95 00:00:00","04/01/96 00:00:00","26"
"4401","26","06/10/96 00:00:00","10/20/97 00:00:00","27"
"4401","27","11/20/97 00:00:00","03/01/99 00:00:00","28"
"4401","28","04/22/99 00:00:00","09/18/00 00:00:00","29"
"4401","29","10/19/00 00:00:00","03/18/02 00:00:00","30"
"4501","01","","08/20/77 00:00:00","1"
"4501","02","","11/14/78 00:00:00","2"
"4501","03","","01/14/80 00:00:00","3"
"4501","04","","01/31/81 00:00:00","4"
"4501","05","","02/17/83 00:00:00","5"
"4501","06","","03/15/85 00:00:00","6"
"4501","07","06/16/85 00:00:00","06/07/89 00:00:00","7"
"4601","01","","09/28/84 00:00:00","1"
"4601","02","","10/05/85 00:00:00","2"
"4601","03","","03/06/87 00:00:00","3"
"4601","04","","09/16/88 00:00:00","4"
"4601","05","","03/23/90 00:00:00","5"
"4601","06","05/24/90 00:00:00","09/20/91 00:00:00","6"
"4601","07","11/15/91 00:00:00","03/06/93 00:00:00","7"
"4601","08","05/01/93 00:00:00","09/09/94 00:00:00","8"
"4601","09","12/16/94 00:00:00","04/14/96 00:00:00","9"
"4601","10","05/22/96 00:00:00","10/03/97 00:00:00","10"
"4601","11","11/07/97 00:00:00","04/03/99 00:00:00","11"
"4601","12","05/11/99 00:00:00","10/06/00 00:00:00","12"
"4601","13","03/03/01 00:00:00","04/19/02 00:00:00","13"
"4701","01","","10/02/70 00:00:00","1"
"4701","02","","12/25/71 00:00:00","2"
"4701","03","","06/02/73 00:00:00","3"
"4701","04","","03/14/75 00:00:00","4"
"4701","05","","09/30/76 00:00:00","5"
"4701","06","","09/15/78 00:00:00","6"
"4701","07","","04/08/80 00:00:00","7"
"4701","08","","11/21/85 00:00:00","8"
"4701","09","","11/27/88 00:00:00","9"
"4701","10","05/25/89 00:00:00","06/30/90 00:00:00","10"
"4701","11","07/16/91 00:00:00","11/30/92 00:00:00","11"
"4702","01","","10/21/84 00:00:00","1"
"4702","02","","03/15/86 00:00:00","2"
"4702","03","","08/29/87 00:00:00","3"
"4702","04","","09/02/89 00:00:00","4"
"4702","05","11/23/89 00:00:00","08/17/91 00:00:00","5"
"4702","06","11/20/91 00:00:00","06/05/93 00:00:00","6"
"4702","07","08/05/93 00:00:00","02/11/95 00:00:00","7"
"4702","08","05/23/95 00:00:00","11/30/96 00:00:00","8"
"4703","01","","09/14/85 00:00:00","1"
"4703","02","","01/02/87 00:00:00","2"
"4703","03","","04/30/88 00:00:00","3"
"4703","04","08/21/88 00:00:00","04/14/90 00:00:00","4"
"4703","05","07/18/90 00:00:00","01/24/92 00:00:00","5"
"4703","06","03/30/92 00:00:00","10/10/93 00:00:00","6"
"4703","07","12/30/93 00:00:00","07/22/95 00:00:00","7"
"4703","08","09/26/95 00:00:00","04/12/97 00:00:00","8"
"4702","09","04/01/97 00:00:00","01/02/99 00:00:00","9"
"4702","10","02/26/99 00:00:00","10/07/00 00:00:00","10"
"4702","11","11/16/00 00:00:00","05/20/02 00:00:00","11"
"4703","09","07/21/97 00:00:00","03/27/99 00:00:00","9"
"4703","10","05/09/99 00:00:00","01/02/01 00:00:00","10"
"4803","01","10/15/73 00:00:00","09/13/77 00:00:00","1"
"4803","02","01/19/78 00:00:00","11/26/78 00:00:00","2"
"4803","03","01/20/79 00:00:00","01/03/80 00:00:00","3"
"4803","04","03/22/80 00:00:00","04/11/81 00:00:00","4"
"4803","05","10/01/81 00:00:00","04/16/83 00:00:00","5"
"4803","06","01/02/84 00:00:00","03/19/85 00:00:00","6"
"4804","01","08/28/74 00:00:00","03/18/78 00:00:00","1"
"4804","02","06/28/78 00:00:00","04/27/79 00:00:00","2"
"4804","03","06/01/79 00:00:00","09/05/80 00:00:00","3"
"4804","04","11/23/80 00:00:00","07/30/82 00:00:00","4"
"4804","05","03/20/83 00:00:00","09/15/84 00:00:00","5"
"4804","06","06/27/91 00:00:00","01/29/93 00:00:00","6"
"4804","07","06/02/93 00:00:00","10/01/94 00:00:00","7"
"4804","08","11/23/94 00:00:00","03/23/96 00:00:00","8"
"4804","09","04/23/96 00:00:00","09/27/97 00:00:00","9"
"4805","01","09/12/76 00:00:00","09/08/78 00:00:00","1"
"4805","02","11/25/78 00:00:00","08/24/79 00:00:00","2"
"4805","03","12/08/79 00:00:00","11/23/80 00:00:00","3"
"4805","04","01/18/81 00:00:00","10/30/81 00:00:00","4"
"4805","05","04/12/82 00:00:00","09/07/83 00:00:00","5"
"4805","06","11/28/84 00:00:00","03/09/85 00:00:00","6"
"4805","07","11/25/95 00:00:00","02/22/97 00:00:00","7"
"4805","08A","03/13/97 00:00:00","04/07/98 00:00:00","8"
"4805","08B","04/19/98 00:00:00","09/20/98 00:00:00","9"
"4808","01","07/22/80 00:00:00","09/11/82 00:00:00","1"
"4808","02","01/19/83 00:00:00","02/20/84 00:00:00","2"
"4808","03","04/17/84 00:00:00","08/26/85 00:00:00","3"
"4808","04","11/10/88 00:00:00","03/17/90 00:00:00","4"
"4808","05","06/02/90 00:00:00","10/05/91 00:00:00","5"
"4808","06","12/20/91 00:00:00","04/08/93 00:00:00","6"
"4808","07","04/20/94 00:00:00","09/09/95 00:00:00","7"
"4808","08","11/11/95 00:00:00","03/22/97 00:00:00","8"
"4808","09","05/12/97 00:00:00","09/09/98 00:00:00","9"
"4809","01","12/23/81 00:00:00","07/19/83 00:00:00","1"
"4809","02","10/15/83 00:00:00","09/28/84 00:00:00","2"
"4809","03","12/26/84 00:00:00","01/18/89 00:00:00","3"
"4809","04","04/14/89 00:00:00","09/08/90 00:00:00","4"
"4809","05","11/22/90 00:00:00","03/13/92 00:00:00","5"
"4809","06","05/17/92 00:00:00","07/04/94 00:00:00","6"
"4809","07","11/16/94 00:00:00","04/20/96 00:00:00","7"
"4809","08","06/09/96 00:00:00","10/05/97 00:00:00","8"
"4810","01","02/17/96 00:00:00","09/06/97 00:00:00","1"
"4804","10","10/19/97 00:00:00","04/11/99 00:00:00","11"
"4804","11","05/08/99 00:00:00","03/18/01 00:00:00","12"
"4804","12A","04/25/01 00:00:00","04/23/02 00:00:00","13"
"4804","12B","05/01/02 00:00:00","10/19/02 00:00:00","14"
"4805","09","10/15/98 00:00:00","04/15/00 00:00:00","10"
"4805","10","05/03/00 00:00:00","03/26/02 00:00:00","11"
"4808","10","10/08/98 00:00:00","02/22/00 00:00:00","1"
"4808","11","03/18/00 00:00:00","10/21/01 00:00:00","2"
"4809","09","11/04/97 00:00:00","04/18/99 00:00:00","1"
"4809","10","05/11/99 00:00:00","10/22/00 00:00:00","2"
"4809","11","11/14/00 00:00:00","04/14/02 00:00:00","3"
"4810","02","10/20/97 00:00:00","02/27/99 00:00:00","1"
"4810","03","04/16/99 00:00:00","09/10/00 00:00:00","2"
"4810","04","10/07/00 00:00:00","02/24/02 00:00:00","3"
"4901","01","04/03/90 00:00:00","10/03/91 00:00:00","1"
"4901","02","12/11/91 00:00:00","10/23/92 00:00:00","2"
"4901","03","12/26/92 00:00:00","10/06/93 00:00:00","3"
"4901","04","12/16/93 00:00:00","03/04/95 00:00:00","4"
"4901","05","04/18/95 00:00:00","10/05/96 00:00:00","5"
"4901","06","11/16/96 00:00:00","03/21/98 00:00:00","6"
"4902","01","03/24/93 00:00:00","10/07/94 00:00:00","1"
"4902","02","11/24/94 00:00:00","02/23/96 00:00:00","2"
"4902","03","04/17/96 00:00:00","10/25/97 00:00:00","3"
"4901","07","04/28/98 00:00:00","09/25/99 00:00:00","7"
"4901","08","10/29/99 00:00:00","04/24/01 00:00:00","8"
"4901","09","03/22/01 00:00:00","09/28/02 00:00:00","9"
"4902","04","12/10/97 00:00:00","03/20/99 00:00:00","4"
"4902","05","04/22/99 00:00:00","09/30/00 00:00:00","5"
"4902","06","11/05/00 00:00:00","03/30/02 00:00:00","6"
"5001","01","08/12/77 00:00:00","04/07/80 00:00:00","1"
"5001","02","11/01/80 00:00:00","03/13/82 00:00:00","2"
"5001","03","08/29/82 00:00:00","07/25/83 00:00:00","3"
"5001","04","09/27/83 00:00:00","09/11/84 00:00:00","4"
"5001","05","10/15/85 00:00:00","03/11/88 00:00:00","5"
"5001","06","12/05/88 00:00:00","01/26/90 00:00:00","6"
"5001","07","07/10/90 00:00:00","08/31/91 00:00:00","7"
"5001","08","11/05/91 00:00:00","03/01/93 00:00:00","8"
"5001","09","04/28/93 00:00:00","10/01/94 00:00:00","9"
"5001","10","11/14/94 00:00:00","04/08/96 00:00:00","10"
"5001","11","06/01/96 00:00:00","04/10/98 00:00:00","11"
"5001","12","05/21/98 00:00:00","04/01/00 00:00:00","12"
"5001","13","05/17/00 00:00:00","02/16/02 00:00:00","14"
"5101","01","12/19/84 00:00:00","02/28/86 00:00:00","1"
"5101","02","04/19/86 00:00:00","09/11/87 00:00:00","2"
"5101","03","11/15/87 00:00:00","03/31/89 00:00:00","3"
"5101","04","05/23/89 00:00:00","09/21/90 00:00:00","4"
"5101","05","11/19/90 00:00:00","03/20/92 00:00:00","5"
"5101","06","05/19/92 00:00:00","10/01/93 00:00:00","6"
"5101","07","11/22/93 00:00:00","03/24/95 00:00:00","7"
"5101","08","05/11/95 00:00:00","10/12/96 00:00:00","8"
"5101","09","11/11/96 00:00:00","04/03/98 00:00:00","9"
"5101","10","05/04/98 00:00:00","10/02/99 00:00:00","10"
"5101","11","11/05/99 00:00:00","04/07/01 00:00:00","11"
"5101","12","05/21/01 00:00:00","10/23/02 00:00:00","12"
"5201","01","04/23/78 00:00:00","09/25/79 00:00:00","1"
"5201","02","01/24/80 00:00:00","12/28/80 00:00:00","2"
"5201","03","04/10/81 00:00:00","05/17/82 00:00:00","3"
"5201","04","11/18/82 00:00:00","05/12/84 00:00:00","4"
"5201","05","09/25/84 00:00:00","11/04/85 00:00:00","5"
"5201","06","12/23/85 00:00:00","04/19/87 00:00:00","6"
"5201","07","06/29/87 00:00:00","02/25/89 00:00:00","7"
"5201","08","07/15/89 00:00:00","01/12/91 00:00:00","8"
"5201","09","03/07/91 00:00:00","01/04/93 00:00:00","9"
"5201","10","04/09/93 00:00:00","09/09/94 00:00:00","10"
"5201","11","10/08/94 00:00:00","02/11/96 00:00:00","11"
"5201","12","03/10/96 00:00:00","05/11/97 00:00:00","12"
"5201","13","06/10/97 00:00:00","09/13/98 00:00:00","13"
"5201","14","10/07/98 00:00:00","03/12/00 00:00:00","14"
"5201","15","04/07/00 00:00:00","09/09/01 00:00:00","15"
"5202","01","08/23/80 00:00:00","03/07/82 00:00:00","1"
"5202","02","06/02/82 00:00:00","04/02/83 00:00:00","2"
"5202","03","05/29/83 00:00:00","08/02/84 00:00:00","3"
"5202","04","11/02/84 00:00:00","02/20/86 00:00:00","4"
"5202","05","04/01/86 00:00:00","08/24/87 00:00:00","5"
"5202","06","11/03/87 00:00:00","02/20/89 00:00:00","6"
"5202","07","05/07/89 00:00:00","08/21/90 00:00:00","7"
"5202","08","11/01/90 00:00:00","02/26/92 00:00:00","8"
"5202","09","04/22/92 00:00:00","09/07/93 00:00:00","9"
"5202","10","10/26/93 00:00:00","03/25/95 00:00:00","10"
"5202","11","05/31/95 00:00:00","09/08/96 00:00:00","11"
"5202","12","10/12/96 00:00:00","04/05/98 00:00:00","12"
"5202","13","05/03/98 00:00:00","09/12/99 00:00:00","13"
"5202","14","10/09/99 00:00:00","03/11/01 00:00:00","14"
"5202","15","04/09/01 00:00:00","09/08/02 00:00:00","15"
"5203","01","09/12/72 00:00:00","10/24/74 00:00:00","1"
"5203","02","02/03/75 00:00:00","09/26/75 00:00:00","2"
"5203","03","12/08/75 00:00:00","10/17/76 00:00:00","3"
"5203","04","01/24/77 00:00:00","04/22/78 00:00:00","4"
"5203","05","07/09/78 00:00:00","09/14/80 00:00:00","5"
"5203","06","07/06/81 00:00:00","02/07/83 00:00:00","6"
"5203","07","05/30/83 00:00:00","09/26/84 00:00:00","7"
"5203","08","12/26/84 00:00:00","05/10/86 00:00:00","8"
"5203","09","07/12/86 00:00:00","04/09/88 00:00:00","9"
"5203","10","07/14/88 00:00:00","09/14/88 00:00:00","10"
"5203","10A","07/05/89 00:00:00","10/06/90 00:00:00","11"
"5203","11","12/17/90 00:00:00","02/29/92 00:00:00","12"
"5203","12","05/01/92 00:00:00","01/22/94 00:00:00","13"
"5203","13","03/24/94 00:00:00","09/08/95 00:00:00","14"
"5203","14","10/19/95 00:00:00","03/07/97 00:00:00","15"
"5203","15","04/28/97 00:00:00","10/19/98 00:00:00","16"
"5203","16","11/19/98 00:00:00","04/16/00 00:00:00","17"
"5203","17","05/08/00 00:00:00","10/14/01 00:00:00","18"
"5204","01","03/19/73 00:00:00","04/26/75 00:00:00","1"
"5204","02","06/19/75 00:00:00","04/22/76 00:00:00","2"
"5204","03","06/10/76 00:00:00","09/10/77 00:00:00","3"
"5204","04","10/12/77 00:00:00","02/04/79 00:00:00","4"
"5204","05","08/19/80 00:00:00","11/07/81 00:00:00","5"
"5204","06","12/31/81 00:00:00","06/30/83 00:00:00","6"
"5204","07","09/25/83 00:00:00","03/20/85 00:00:00","7"
"5204","08","06/27/85 00:00:00","10/04/86 00:00:00","8"
"5204","09","11/30/86 00:00:00","09/10/88 00:00:00","9"
"5204","10","09/16/89 00:00:00","03/30/91 00:00:00","10"
"5204","11","06/05/91 00:00:00","03/06/93 00:00:00","11"
"5204","12","05/04/93 00:00:00","02/03/95 00:00:00","12"
"5204","13","03/19/95 00:00:00","05/03/96 00:00:00","13"
"5204","14","06/05/96 00:00:00","10/06/97 00:00:00","14"
"5204","15","10/30/97 00:00:00","04/18/99 00:00:00","15"
"5204","16","05/25/99 00:00:00","10/01/00 00:00:00","16"
"5204","17","10/30/00 00:00:00","03/24/02 00:00:00","17"
"5302","01","01/19/84 00:00:00","03/14/86 00:00:00","1"
"5302","02","06/04/86 00:00:00","04/10/87 00:00:00","2"
"5302","03","06/19/87 00:00:00","04/30/88 00:00:00","3"
"5302","04","06/19/88 00:00:00","04/29/89 00:00:00","4"
"5302","05","06/25/89 00:00:00","04/21/90 00:00:00","5"
"5302","06","08/04/90 00:00:00","04/13/91 00:00:00","6"
"5302","07","09/26/91 00:00:00","04/18/92 00:00:00","7"
"5302","08","07/04/92 00:00:00","05/01/93 00:00:00","8"
"5302","09","06/19/93 00:00:00","04/26/94 00:00:00","9"
"5302","10","07/25/94 00:00:00","04/22/95 00:00:00","10"
"5302","11","06/09/95 00:00:00","03/02/96 00:00:00","11"
"5302","12","06/13/96 00:00:00","03/27/97 00:00:00","12"
"5302","13","07/04/97 00:00:00","04/18/98 00:00:00","13"
"5302","14","06/08/98 00:00:00","09/18/99 00:00:00","14"
"5302","15","10/22/99 00:00:00","05/19/01 00:00:00","15"
"5401","01","11/21/70 00:00:00","09/30/72 00:00:00","1"
"5401","02","03/04/73 00:00:00","04/06/74 00:00:00","2"
"5401","03","05/25/74 00:00:00","11/16/75 00:00:00","3"
"5401","04","01/03/76 00:00:00","10/01/76 00:00:00","4"
"5401","05","11/24/76 00:00:00","10/04/77 00:00:00","5"
"5401","06","11/04/77 00:00:00","09/20/78 00:00:00","6"
"5401","07","10/15/78 00:00:00","10/05/79 00:00:00","7"
"5401","08","12/01/79 00:00:00","11/26/80 00:00:00","8"
"5401","09","12/30/80 00:00:00","10/08/81 00:00:00","9"
"5401","10","12/10/81 00:00:00","10/22/82 00:00:00","10"
"5401","11","12/08/82 00:00:00","09/30/83 00:00:00","11"
"5401","12","04/09/84 00:00:00","04/05/85 00:00:00","12"
"5401","13","06/19/85 00:00:00","04/11/86 00:00:00","13"
"5401","14","05/19/86 00:00:00","04/03/87 00:00:00","14"
"5401","15","05/31/87 00:00:00","04/08/88 00:00:00","15"
"5401","16","05/19/88 00:00:00","04/02/89 00:00:00","16"
"5401","17","05/16/89 00:00:00","03/31/90 00:00:00","17"
"5401","18","05/19/90 00:00:00","04/05/91 00:00:00","18"
"5401","19","05/21/91 00:00:00","04/10/92 00:00:00","19"
"5401","20","06/05/92 00:00:00","03/27/93 00:00:00","20"
"5401","21","05/06/93 00:00:00","04/02/94 00:00:00","21"
"5401","22","04/30/94 00:00:00","03/11/95 00:00:00","22"
"5401","23","04/17/95 00:00:00","03/30/96 00:00:00","23"
"5401","24","04/24/96 00:00:00","02/14/98 00:00:00","24"
"5402","01","08/01/72 00:00:00","10/16/74 00:00:00","1"
"5402","02","12/14/74 00:00:00","02/26/76 00:00:00","2"
"5402","03","03/24/76 00:00:00","03/03/77 00:00:00","3"
"5402","04","04/20/77 00:00:00","03/22/78 00:00:00","4"
"5402","05","04/19/78 00:00:00","03/22/79 00:00:00","5"
"5402","06","04/13/79 00:00:00","04/11/80 00:00:00","6"
"5402","07","05/14/80 00:00:00","04/17/81 00:00:00","7"
"5402","08","05/22/81 00:00:00","04/16/82 00:00:00","8"
"5402","09","05/26/82 00:00:00","03/25/83 00:00:00","9"
"5402","10","07/06/83 00:00:00","09/28/84 00:00:00","10"
"5402","11","11/20/84 00:00:00","10/04/85 00:00:00","11"
"5402","12","11/24/85 00:00:00","09/27/86 00:00:00","12"
"5402","13","11/29/86 00:00:00","10/02/87 00:00:00","13"
"5402","14","11/18/87 00:00:00","10/08/88 00:00:00","14"
"5402","15","11/22/88 00:00:00","09/23/89 00:00:00","15"
"5402","16","11/25/89 00:00:00","10/06/90 00:00:00","16"
"5402","17","11/18/90 00:00:00","09/27/91 00:00:00","17"
"5402","18","11/14/91 00:00:00","09/25/92 00:00:00","18"
"5402","19","11/17/92 00:00:00","09/25/93 00:00:00","19"
"5402","20","10/30/93 00:00:00","09/24/94 00:00:00","20"
"5402","21","11/01/94 00:00:00","10/07/95 00:00:00","21"
"5402","22","12/01/95 00:00:00","10/05/96 00:00:00","22"
"5402","23","08/15/97 00:00:00","12/05/98 00:00:00","23"
"5401","25","06/29/98 00:00:00","10/16/99 00:00:00","25"
"5401","26","12/09/99 00:00:00","04/06/01 00:00:00","26"
"5401","27","05/13/01 00:00:00","09/14/02 00:00:00","27"
"5402","24","02/27/99 00:00:00","10/14/00 00:00:00","24"
"5402","25","12/15/00 00:00:00","04/12/02 00:00:00","25"
"5501","01","04/15/74 00:00:00","02/14/76 00:00:00","1"
"5501","02","04/11/76 00:00:00","01/17/77 00:00:00","2"
"5501","03","03/24/77 00:00:00","04/21/78 00:00:00","3"
"5501","04","05/28/78 00:00:00","05/26/79 00:00:00","4"
"5501","05","08/01/79 00:00:00","05/09/80 00:00:00","5"
"5501","06","06/24/80 00:00:00","04/20/81 00:00:00","6"
"5501","07","06/06/81 00:00:00","04/09/82 00:00:00","7"
"5501","08","05/23/82 00:00:00","03/17/83 00:00:00","8"
"5501","09","05/14/83 00:00:00","03/16/84 00:00:00","9"
"5501","10","05/07/84 00:00:00","02/08/85 00:00:00","10"
"5501","11","04/11/85 00:00:00","02/28/86 00:00:00","11"
"5501","12","04/20/86 00:00:00","02/24/87 00:00:00","12"
"5501","13","04/04/87 00:00:00","03/02/88 00:00:00","13"
"5501","14","04/12/88 00:00:00","02/20/89 00:00:00","14"
"5501","15","04/12/89 00:00:00","03/02/90 00:00:00","15"
"5501","16","04/17/90 00:00:00","03/09/91 00:00:00","16"
"5501","17","05/09/91 00:00:00","03/06/92 00:00:00","17"
"5501","18","04/17/92 00:00:00","03/05/93 00:00:00","18"
"5501","19","04/16/93 00:00:00","04/02/94 00:00:00","19"
"5501","20","05/08/94 00:00:00","04/01/95 00:00:00","20"
"5501","21","05/16/95 00:00:00","09/29/96 00:00:00","21"
"5501","22","06/12/97 00:00:00","10/16/98 00:00:00","22"
"5501","23","11/27/98 00:00:00","04/21/00 00:00:00","23"
"5501","24","06/02/00 00:00:00","09/23/01 00:00:00","24"
"5601","01","","05/18/62 00:00:00","1"
"5601","02","","09/03/63 00:00:00","2"
"5601","03","","08/02/64 00:00:00","3"
"5601","04","","08/09/65 00:00:00","4"
"5601","05","","10/04/66 00:00:00","5"
"5601","06","","03/23/68 00:00:00","6"
"5601","07","05/01/68 00:00:00","08/02/69 00:00:00","7"
"5601","08","09/24/69 00:00:00","10/24/70 00:00:00","8"
"5601","09","11/30/70 00:00:00","02/12/72 00:00:00","9"
"5601","10","05/17/72 00:00:00","05/11/74 00:00:00","10"
"5601","11","08/25/74 00:00:00","10/18/75 00:00:00","11"
"5601","12","12/18/75 00:00:00","06/04/77 00:00:00","12"
"5601","13","09/01/77 00:00:00","10/21/78 00:00:00","13"
"5601","14","12/21/78 00:00:00","05/02/81 00:00:00","14"
"5601","15","07/30/81 00:00:00","09/11/82 00:00:00","15"
"5601","16","12/16/82 00:00:00","03/31/84 00:00:00","16"
"5601","17","06/08/84 00:00:00","10/19/85 00:00:00","17"
"5601","18","12/10/85 00:00:00","05/02/87 00:00:00","18"
"5601","19","07/03/87 00:00:00","11/12/88 00:00:00","19"
"5601","20","01/15/89 00:00:00","06/23/90 00:00:00","20"
"5601","21","11/11/90 00:00:00","10/01/91 00:00:00","21"
"5701","01","07/24/67 00:00:00","04/17/70 00:00:00","1"
"5701","02","06/25/70 00:00:00","04/16/71 00:00:00","2"
"5701","03","05/25/71 00:00:00","06/10/72 00:00:00","3"
"5701","04","07/14/72 00:00:00","07/08/73 00:00:00","4"
"5701","05","12/14/73 00:00:00","05/17/75 00:00:00","5"
"5701","06","06/30/75 00:00:00","05/18/76 00:00:00","6"
"5701","07","07/18/76 00:00:00","10/15/77 00:00:00","7"
"5701","08","12/01/77 00:00:00","01/27/79 00:00:00","8"
"5701","09","03/12/79 00:00:00","05/03/80 00:00:00","9"
"5701","10","07/27/80 00:00:00","09/26/81 00:00:00","10"
"5701","11","11/12/81 00:00:00","01/22/83 00:00:00","11"
"5701","12","04/11/83 00:00:00","08/01/84 00:00:00","12"
"5701","13","11/09/84 00:00:00","01/03/86 00:00:00","13"
"5701","14","05/10/86 00:00:00","07/18/87 00:00:00","14"
"5701","15","03/27/88 00:00:00","09/02/89 00:00:00","15"
"5701","16","08/15/90 00:00:00","10/17/91 00:00:00","16"
"5701","17","03/15/92 00:00:00","05/15/93 00:00:00","17"
"5701","18","07/20/93 00:00:00","01/28/95 00:00:00","18"
"5701","19","04/19/95 00:00:00","07/22/96 00:00:00","19"
"5801","01","","12/24/76 00:00:00","1"
"5801","02","","04/06/78 00:00:00","2"
"5801","03","","04/06/79 00:00:00","3"
"5801","04","","05/30/80 00:00:00","4"
"5801","05","","05/29/81 00:00:00","5"
"5801","06","","07/03/82 00:00:00","6"
"5801","07","","07/16/83 00:00:00","7"
"5801","08","","04/06/85 00:00:00","8"
"5801","09","","06/27/87 00:00:00","9"
"5801","10","","03/18/89 00:00:00","10"
"5801","11","07/04/89 00:00:00","10/20/90 00:00:00","11"
"5801","12","01/15/91 00:00:00","06/22/92 00:00:00","12"
"5801","13","10/28/92 00:00:00","02/12/94 00:00:00","13"
"5801","14","04/03/94 00:00:00","07/14/95 00:00:00","14"
"5801","15","10/28/95 00:00:00","03/01/97 00:00:00","15"
"5802","01","","10/19/79 00:00:00","1"
"5802","02","","03/13/81 00:00:00","2"
"5802","03","","11/20/82 00:00:00","3"
"5802","04","","03/08/84 00:00:00","4"
"5802","05","","02/28/86 00:00:00","5"
"5802","06","","04/23/88 00:00:00","6"
"5802","07","04/17/89 00:00:00","06/30/90 00:00:00","7"
"5802","08","11/08/90 00:00:00","02/22/92 00:00:00","8"
"5802","09","04/23/92 00:00:00","09/06/94 00:00:00","9"
"5802","10","12/13/94 00:00:00","03/23/96 00:00:00","10"
"5802","11","05/09/96 00:00:00","09/09/97 00:00:00","11"
"5801","16","04/25/97 00:00:00","09/09/97 00:00:00","16"
"5801","17","12/18/00 00:00:00","05/03/02 00:00:00","17"
"5802","12","06/22/00 00:00:00","01/19/02 00:00:00","12"
"5901","01","06/13/89 00:00:00","07/26/91 00:00:00","1"
"5901","02","10/09/91 00:00:00","09/07/92 00:00:00","2"
"5901","03","11/11/92 00:00:00","04/09/94 00:00:00","3"
"5901","04","06/29/94 00:00:00","11/03/95 00:00:00","4"
"5901","05","12/09/95 00:00:00","05/09/97 00:00:00","5"
"5901","06","06/28/97 00:00:00","03/27/99 00:00:00","6"
"5901","07","05/13/99 00:00:00","10/20/00 00:00:00","7"
"5901","08","01/28/01 00:00:00","05/04/02 00:00:00","8"
"6001","01","","09/29/73 00:00:00","0"
"6001","02","","10/13/74 00:00:00","0"
"6001","03","","06/20/76 00:00:00","0"
"6001","04","","08/21/77 00:00:00","0"
"6001","05","","09/16/78 00:00:00","0"
"6001","06A","","03/17/79 00:00:00","0"
"6001","06B","","09/22/79 00:00:00","0"
"6001","07","","09/26/80 00:00:00","0"
"6001","08","","10/16/81 00:00:00","0"
"6001","09","","03/04/83 00:00:00","0"
"6001","10","","06/15/84 00:00:00","0"
"6001","11","","09/20/85 00:00:00","0"
"6001","12","","08/07/87 00:00:00","0"
"6001","13","","02/11/89 00:00:00","0"
"6001","14","","09/01/90 00:00:00","0"
"6001","15","10/14/90 00:00:00","02/29/92 00:00:00","0"
"6001","16","04/18/92 00:00:00","08/28/93 00:00:00","0"
"6001","17","10/24/93 00:00:00","03/17/95 00:00:00","0"
"6001","18","05/02/95 00:00:00","08/24/96 00:00:00","0"
"6001","19","11/01/96 00:00:00","03/20/98 00:00:00","0"
"6001","20","06/03/98 00:00:00","10/29/99 00:00:00","0"
"6001","21","12/03/99 00:00:00","04/27/01 00:00:00","0"
"6001","22A","05/19/01 00:00:00","05/11/02 00:00:00","0"
"6001","22B","05/22/02 00:00:00","10/05/02 00:00:00","0"
